CREATE DATABASE  IF NOT EXISTS `db_grad_cs_1917` /*!40100 DEFAULT CHARACTER SET latin1 */;
USE `db_grad_cs_1917`;
-- MySQL dump 10.13  Distrib 5.7.17, for Win64 (x86_64)
--
-- Host: 127.0.0.1    Database: db_grad_cs_1917
-- ------------------------------------------------------
-- Server version	5.7.18

/*!40101 SET @OLD_CHARACTER_SET_CLIENT=@@CHARACTER_SET_CLIENT */;
/*!40101 SET @OLD_CHARACTER_SET_RESULTS=@@CHARACTER_SET_RESULTS */;
/*!40101 SET @OLD_COLLATION_CONNECTION=@@COLLATION_CONNECTION */;
/*!40101 SET NAMES utf8 */;
/*!40103 SET @OLD_TIME_ZONE=@@TIME_ZONE */;
/*!40103 SET TIME_ZONE='+00:00' */;
/*!40014 SET @OLD_UNIQUE_CHECKS=@@UNIQUE_CHECKS, UNIQUE_CHECKS=0 */;
/*!40014 SET @OLD_FOREIGN_KEY_CHECKS=@@FOREIGN_KEY_CHECKS, FOREIGN_KEY_CHECKS=0 */;
/*!40101 SET @OLD_SQL_MODE=@@SQL_MODE, SQL_MODE='NO_AUTO_VALUE_ON_ZERO' */;
/*!40111 SET @OLD_SQL_NOTES=@@SQL_NOTES, SQL_NOTES=0 */;

--
-- Table structure for table `anonymous_users`
--

DROP TABLE IF EXISTS `anonymous_users`;
/*!40101 SET @saved_cs_client     = @@character_set_client */;
/*!40101 SET character_set_client = utf8 */;
CREATE TABLE `anonymous_users` (
  `anonymous_user_id` char(40) NOT NULL,
  `anonymous_user_pwd` char(20) DEFAULT NULL,
  PRIMARY KEY (`anonymous_user_id`)
) ENGINE=InnoDB DEFAULT CHARSET=latin1;
/*!40101 SET character_set_client = @saved_cs_client */;

--
-- Dumping data for table `anonymous_users`
--

LOCK TABLES `anonymous_users` WRITE;
/*!40000 ALTER TABLE `anonymous_users` DISABLE KEYS */;
/*!40000 ALTER TABLE `anonymous_users` ENABLE KEYS */;
UNLOCK TABLES;

--
-- Table structure for table `counterparty`
--

DROP TABLE IF EXISTS `counterparty`;
/*!40101 SET @saved_cs_client     = @@character_set_client */;
/*!40101 SET character_set_client = utf8 */;
CREATE TABLE `counterparty` (
  `counterparty_id` int(11) NOT NULL,
  `counterparty_name` char(30) NOT NULL,
  `counterparty_status` char(1) DEFAULT NULL,
  `counterparty_date_registered` datetime DEFAULT NULL,
  PRIMARY KEY (`counterparty_id`)
) ENGINE=InnoDB DEFAULT CHARSET=latin1;
/*!40101 SET character_set_client = @saved_cs_client */;

--
-- Dumping data for table `counterparty`
--

LOCK TABLES `counterparty` WRITE;
/*!40000 ALTER TABLE `counterparty` DISABLE KEYS */;
INSERT INTO `counterparty` VALUES (1,'Lina','A','2014-01-01 00:00:00'),(2,'Richard','A','2003-01-01 00:00:00'),(3,'Selvyn','A','2016-01-01 00:00:00'),(4,'Lewis','A','2009-01-01 00:00:00'),(5,'Estelle','A','2001-01-01 00:00:00');
/*!40000 ALTER TABLE `counterparty` ENABLE KEYS */;
UNLOCK TABLES;

--
-- Table structure for table `deal`
--

DROP TABLE IF EXISTS `deal`;
/*!40101 SET @saved_cs_client     = @@character_set_client */;
/*!40101 SET character_set_client = utf8 */;
CREATE TABLE `deal` (
  `deal_id` int(11) NOT NULL,
  `deal_time` varchar(30) NOT NULL,
  `deal_counterparty_id` int(11) DEFAULT NULL,
  `deal_instrument_id` int(11) DEFAULT NULL,
  `deal_type` char(1) DEFAULT NULL,
  `deal_amount` decimal(12,2) DEFAULT NULL,
  `deal_quantity` int(11) NOT NULL,
  PRIMARY KEY (`deal_id`),
  KEY `deal_counterparty_id` (`deal_counterparty_id`),
  KEY `deal_instrument_id` (`deal_instrument_id`),
  CONSTRAINT `deal_ibfk_1` FOREIGN KEY (`deal_counterparty_id`) REFERENCES `counterparty` (`counterparty_id`),
  CONSTRAINT `deal_ibfk_2` FOREIGN KEY (`deal_instrument_id`) REFERENCES `instrument` (`instrument_id`)
) ENGINE=InnoDB DEFAULT CHARSET=latin1;
/*!40101 SET character_set_client = @saved_cs_client */;

--
-- Dumping data for table `deal`
--

LOCK TABLES `deal` WRITE;
/*!40000 ALTER TABLE `deal` DISABLE KEYS */;
INSERT INTO `deal` VALUES (20001,'2018-07-30T05:58:20.915',1,1,'S',3405.29,6),(20002,'2018-07-30T05:58:20.915',2,2,'B',8531.05,28),(20003,'2018-07-30T05:58:20.943',1,3,'B',402.61,711),(20004,'2018-07-30T05:58:20.943',3,4,'S',9960.38,2),(20005,'2018-07-30T05:58:20.943',1,4,'S',9838.68,2),(20006,'2018-07-30T05:58:20.944',4,5,'S',1425.97,1),(20007,'2018-07-30T05:58:20.944',3,6,'B',7908.21,86),(20008,'2018-07-30T05:58:20.944',2,4,'S',9720.69,3),(20009,'2018-07-30T05:58:20.944',1,5,'B',1437.60,19),(20010,'2018-07-30T05:58:20.944',5,1,'B',3438.50,16),(20011,'2018-07-30T05:58:20.945',4,7,'B',3590.63,42),(20012,'2018-07-30T05:58:20.945',5,7,'S',3563.22,4),(20013,'2018-07-30T05:58:20.952',4,4,'S',9614.48,175),(20014,'2018-07-30T05:58:20.953',1,8,'S',3495.89,62),(20015,'2018-07-30T05:58:20.956',3,6,'S',7830.19,94),(20016,'2018-07-30T05:58:20.956',4,9,'S',2441.94,25),(20017,'2018-07-30T05:58:20.957',3,2,'S',8401.31,4),(20018,'2018-07-30T05:58:20.957',4,7,'S',3542.76,382),(20019,'2018-07-30T05:58:20.970',2,10,'B',10078.76,1),(20020,'2018-07-30T05:58:20.970',5,7,'S',3519.81,184),(20021,'2018-07-30T05:58:20.971',1,11,'B',5820.25,11),(20022,'2018-07-30T05:58:20.971',4,3,'S',398.71,29),(20023,'2018-07-30T05:58:20.971',5,2,'B',8455.39,41),(20024,'2018-07-30T05:58:20.993',2,5,'S',1421.39,1),(20025,'2018-07-30T05:58:20.993',1,12,'B',1845.88,3),(20026,'2018-07-30T05:58:20.993',5,4,'B',9690.81,1),(20027,'2018-07-30T05:58:20.993',1,7,'S',3494.76,1),(20028,'2018-07-30T05:58:21.013',1,9,'B',2465.05,11),(20029,'2018-07-30T05:58:21.013',5,12,'S',1818.39,5),(20030,'2018-07-30T05:58:21.465',4,7,'B',3531.12,4),(20031,'2018-07-30T05:58:21.465',2,7,'B',3581.63,3),(20032,'2018-07-30T05:58:21.465',2,11,'S',5768.93,71),(20033,'2018-07-30T05:58:21.465',5,8,'B',3523.58,4),(20034,'2018-07-30T05:58:21.466',5,6,'S',7756.48,31),(20035,'2018-07-30T05:58:21.470',4,3,'B',405.60,293),(20036,'2018-07-30T05:58:21.763',5,12,'S',1786.98,981),(20037,'2018-07-30T05:58:21.787',4,8,'B',3546.77,4),(20038,'2018-07-30T05:58:21.788',3,8,'S',3501.75,119),(20039,'2018-07-30T05:58:21.788',3,3,'S',403.95,15),(20040,'2018-07-30T05:58:21.788',2,11,'S',5714.26,352),(20041,'2018-07-30T05:58:21.788',3,9,'B',2496.62,2),(20042,'2018-07-30T05:58:21.791',3,2,'S',8339.95,226),(20043,'2018-07-30T05:58:21.792',1,4,'S',9591.31,3),(20044,'2018-07-30T05:58:21.792',4,1,'S',3402.64,2),(20045,'2018-07-30T05:58:21.793',5,5,'S',1400.44,313),(20046,'2018-07-30T05:58:21.844',2,7,'S',3566.31,375),(20047,'2018-07-30T05:58:21.880',5,3,'B',408.82,322),(20048,'2018-07-30T05:58:21.881',4,7,'S',3544.86,1),(20049,'2018-07-30T05:58:21.881',5,12,'S',1776.90,119),(20050,'2018-07-30T05:58:21.881',3,11,'B',5778.61,993),(20051,'2018-07-30T05:58:21.881',2,11,'S',5723.03,128),(20052,'2018-07-30T05:58:21.881',5,12,'S',1759.08,122),(20053,'2018-07-30T05:58:21.906',3,3,'B',413.35,4),(20054,'2018-07-30T05:58:21.919',1,10,'S',9959.99,2),(20055,'2018-07-30T05:58:21.920',2,4,'S',9485.53,85),(20056,'2018-07-30T05:58:21.920',2,11,'S',5663.82,32),(20057,'2018-07-30T05:58:21.920',3,6,'S',7681.23,13),(20058,'2018-07-30T05:58:21.920',4,12,'S',1723.99,4),(20059,'2018-07-30T05:58:21.921',5,1,'B',3437.39,2),(20060,'2018-07-30T05:58:21.947',5,3,'S',408.06,493),(20061,'2018-07-30T05:58:21.947',5,9,'B',2524.70,1),(20062,'2018-07-30T05:58:21.947',5,7,'S',3522.79,72),(20063,'2018-07-30T05:58:21.947',4,7,'B',3568.14,1),(20064,'2018-07-30T05:58:21.947',3,1,'S',3400.13,49),(20065,'2018-07-30T05:58:21.951',3,5,'B',1411.55,453),(20066,'2018-07-30T05:58:21.951',5,3,'B',412.53,136),(20067,'2018-07-30T05:58:21.951',5,1,'S',3367.95,4),(20068,'2018-07-30T05:58:21.952',4,1,'S',3336.41,36),(20069,'2018-07-30T05:58:21.954',3,10,'B',10034.79,43),(20070,'2018-07-30T05:58:21.954',4,7,'B',3610.39,7),(20071,'2018-07-30T05:58:21.954',3,9,'B',2553.50,7),(20072,'2018-07-30T05:58:21.955',1,12,'S',1685.20,5),(20073,'2018-07-30T05:58:24.502',1,8,'B',3533.90,87),(20074,'2018-07-30T05:58:24.687',3,10,'S',9924.20,1),(20075,'2018-07-30T05:58:24.700',2,12,'B',1696.22,243),(20076,'2018-07-30T05:58:24.700',4,11,'B',5716.11,397),(20077,'2018-07-30T05:58:24.717',3,1,'S',3306.62,48),(20078,'2018-07-30T05:58:24.717',2,5,'S',1394.16,27),(20079,'2018-07-30T05:58:24.717',2,4,'B',9578.75,111),(20080,'2018-07-30T05:58:24.741',1,10,'B',10018.55,1),(20081,'2018-07-30T05:58:24.742',3,2,'B',8391.03,9),(20082,'2018-07-30T05:58:24.742',4,10,'B',10112.78,5),(20083,'2018-07-30T05:58:24.742',5,4,'S',9453.93,1),(20084,'2018-07-30T05:58:24.762',2,3,'S',404.18,67),(20085,'2018-07-30T05:58:24.772',4,4,'S',9343.86,21),(20086,'2018-07-30T05:58:24.772',4,3,'S',402.66,48),(20087,'2018-07-30T05:58:24.772',3,12,'S',1679.80,105),(20088,'2018-07-30T05:58:24.772',4,12,'B',1696.87,28),(20089,'2018-07-30T05:58:24.780',5,3,'S',393.63,1),(20090,'2018-07-30T05:58:24.797',2,1,'S',3273.98,506),(20091,'2018-07-30T05:58:24.797',3,1,'B',3301.79,4),(20092,'2018-07-30T05:58:24.797',2,7,'B',3652.67,15),(20093,'2018-07-30T05:58:24.797',4,11,'S',5663.24,3),(20094,'2018-07-30T05:58:24.797',1,1,'B',3326.13,177),(20095,'2018-07-30T05:58:24.799',4,5,'B',1408.04,2),(20096,'2018-07-30T05:58:24.822',2,7,'B',3698.03,5),(20097,'2018-07-30T05:58:24.822',1,7,'B',3745.68,205),(20098,'2018-07-30T05:58:24.934',2,12,'B',1726.00,332),(20099,'2018-07-30T05:58:24.935',1,3,'B',400.11,13),(20100,'2018-07-30T06:01:53.736',4,2,'S',8270.60,712),(20101,'2018-07-30T06:01:54.561',4,5,'B',1419.45,270),(20102,'2018-07-30T06:01:54.562',3,5,'S',1399.21,229),(20103,'2018-07-30T06:01:54.562',5,6,'S',7597.88,116),(20104,'2018-07-30T06:01:54.562',4,7,'B',3783.89,723),(20105,'2018-07-30T06:01:54.563',1,4,'S',9208.32,12),(20106,'2018-07-30T06:01:54.577',2,6,'B',7665.10,90),(20107,'2018-07-30T06:01:54.577',2,8,'B',3563.72,130),(20108,'2018-07-30T06:01:54.577',2,1,'S',3294.88,9),(20109,'2018-07-30T06:01:54.577',1,3,'S',403.99,2),(20110,'2018-07-30T06:01:54.577',4,6,'S',7594.01,288),(20111,'2018-07-30T06:01:54.579',5,11,'B',5718.85,110),(20112,'2018-07-30T06:01:54.579',5,1,'S',3259.12,159),(20113,'2018-07-30T06:01:54.579',1,2,'B',8313.27,63),(20114,'2018-07-30T06:01:54.579',2,12,'B',1751.61,14),(20115,'2018-07-30T06:01:54.579',5,7,'S',3760.62,1),(20116,'2018-07-30T06:01:54.652',2,5,'S',1384.24,199),(20117,'2018-07-30T06:01:54.652',3,6,'S',7513.54,42),(20118,'2018-07-30T06:01:54.656',4,2,'S',8198.04,67),(20119,'2018-07-30T06:01:55.467',1,7,'S',3732.93,206),(20120,'2018-07-30T06:01:55.468',2,12,'S',1733.65,4),(20121,'2018-07-30T06:01:55.468',5,2,'S',8087.75,870),(20122,'2018-07-30T06:01:55.468',2,4,'S',9105.14,45),(20123,'2018-07-30T06:01:55.468',5,5,'B',1396.55,7),(20124,'2018-07-30T06:01:55.468',4,3,'S',401.24,50),(20125,'2018-07-30T06:01:55.470',3,7,'S',3700.27,15),(20126,'2018-07-30T06:01:55.470',3,4,'S',9012.27,255),(20127,'2018-07-30T06:01:55.470',5,9,'S',2520.69,327),(20128,'2018-07-30T06:01:55.492',2,7,'B',3738.51,2),(20129,'2018-07-30T06:01:55.492',4,5,'S',1387.06,429),(20130,'2018-07-30T06:01:55.492',2,9,'S',2492.62,1),(20131,'2018-07-30T06:01:55.493',4,7,'B',3780.64,3),(20132,'2018-07-30T06:01:55.495',1,10,'S',10011.99,27),(20133,'2018-07-30T06:01:55.589',1,6,'S',7441.15,5),(20134,'2018-07-30T06:01:55.589',2,4,'S',8913.04,138),(20135,'2018-07-30T06:01:55.595',4,12,'B',1746.09,117),(20136,'2018-07-30T06:01:55.596',1,6,'B',7517.75,167),(20137,'2018-07-30T06:01:55.596',4,4,'B',8987.47,5),(20138,'2018-07-30T06:01:55.596',4,12,'S',1728.07,837),(20139,'2018-07-30T06:01:55.596',2,10,'S',9902.33,23),(20140,'2018-07-30T06:01:55.598',2,9,'B',2517.57,374),(20141,'2018-07-30T06:01:55.598',2,9,'S',2487.46,4),(20142,'2018-07-30T06:01:55.598',3,9,'B',2513.90,1),(20143,'2018-07-30T06:01:55.598',3,12,'S',1699.13,97),(20144,'2018-07-30T06:01:55.598',3,7,'S',3758.31,68),(20145,'2018-07-30T06:02:02.317',4,9,'B',2539.72,3),(20146,'2018-07-30T06:02:02.318',2,10,'B',9999.63,152),(20147,'2018-07-30T06:02:02.318',4,8,'S',3515.51,51),(20148,'2018-07-30T06:02:02.318',5,5,'B',1400.93,1),(20149,'2018-07-30T06:02:02.318',2,2,'S',7974.65,2),(20150,'2018-07-30T06:02:02.318',3,4,'B',9076.71,139),(20151,'2018-07-30T06:02:02.331',2,1,'S',3229.38,301),(20152,'2018-07-30T06:02:02.332',3,1,'B',3261.81,6),(20153,'2018-07-30T06:02:02.335',4,9,'B',2563.61,9),(20154,'2018-07-30T06:02:02.335',5,2,'B',8021.98,81),(20155,'2018-07-30T06:02:02.335',1,4,'S',8964.15,2),(20156,'2018-07-30T06:02:02.335',3,3,'S',398.26,13),(20157,'2018-07-30T06:02:02.335',1,6,'S',7443.82,234),(20158,'2018-07-30T06:02:02.335',3,9,'B',2588.34,1),(20159,'2018-07-30T06:02:02.335',5,11,'B',5771.80,59),(20160,'2018-07-30T06:02:02.337',4,10,'B',10091.52,94),(20161,'2018-07-30T06:02:02.463',3,1,'B',3299.33,958),(20162,'2018-07-30T06:02:02.466',2,2,'S',7906.72,2),(20163,'2018-07-30T06:02:02.761',5,11,'S',5722.41,560),(20164,'2018-07-30T06:02:02.761',5,7,'B',3800.18,44),(20165,'2018-07-30T06:02:02.761',4,7,'S',3775.54,23),(20166,'2018-07-30T06:02:02.761',5,5,'B',1408.93,19),(20167,'2018-07-30T06:02:02.761',1,6,'S',7357.83,149),(20168,'2018-07-30T06:02:02.764',5,1,'S',3266.91,5),(20169,'2018-07-30T06:02:02.764',4,8,'S',3472.40,21),(20170,'2018-07-30T06:02:02.764',2,5,'B',1425.46,3),(20171,'2018-07-30T06:02:02.764',4,7,'B',3822.54,21),(20172,'2018-07-30T06:02:02.764',5,4,'B',9055.77,67),(20173,'2018-07-30T06:02:02.764',5,11,'S',5667.10,28),(20174,'2018-07-30T06:02:02.764',1,10,'B',10183.83,1),(20175,'2018-07-30T06:02:02.764',4,12,'B',1703.00,1),(20176,'2018-07-30T06:02:02.764',2,12,'S',1684.17,5),(20177,'2018-07-30T06:02:02.841',4,3,'B',406.13,7),(20178,'2018-07-30T06:02:02.842',2,11,'B',5718.05,119),(20179,'2018-07-30T06:02:02.845',4,10,'S',10082.86,1),(20180,'2018-07-30T06:02:02.845',4,4,'B',9138.74,160),(20181,'2018-07-30T06:02:02.845',2,3,'B',409.45,76),(20182,'2018-07-30T06:02:02.845',3,6,'S',7267.52,66),(20183,'2018-07-30T06:02:02.845',5,3,'B',415.49,749),(20184,'2018-07-30T06:02:06.370',3,12,'S',1662.36,14),(20185,'2018-07-30T06:02:06.377',1,11,'S',5660.79,22),(20186,'2018-07-30T06:02:06.387',4,10,'B',10169.41,24),(20187,'2018-07-30T06:02:06.388',3,10,'S',10050.46,93),(20188,'2018-07-30T06:02:06.430',4,4,'B',9220.60,55),(20189,'2018-07-30T06:02:06.430',2,9,'S',2556.24,14),(20190,'2018-07-30T06:02:06.430',5,1,'B',3297.82,1),(20191,'2018-07-30T06:02:06.732',3,11,'B',5719.26,31),(20192,'2018-07-30T06:02:06.733',4,7,'S',3796.36,4),(20193,'2018-07-30T06:02:06.742',3,3,'S',416.09,56),(20194,'2018-07-30T06:02:06.744',3,8,'B',3498.19,181),(20195,'2018-07-30T06:02:06.745',2,2,'B',7959.84,6),(20196,'2018-07-30T06:02:06.745',2,1,'S',3261.51,17),(20197,'2018-07-30T06:02:06.745',4,4,'S',9122.86,214),(20198,'2018-07-30T06:02:06.761',3,7,'S',3764.24,23),(20199,'2018-07-30T06:02:06.976',2,9,'B',2582.45,63),(20200,'2018-07-30T06:02:06.979',5,9,'S',2553.90,596),(20201,'2018-07-30T06:02:06.979',5,3,'S',414.02,457),(20202,'2018-07-30T06:02:06.979',4,12,'B',1662.98,4),(20203,'2018-07-30T06:02:06.979',3,3,'S',412.27,26),(20204,'2018-07-30T06:02:07.048',5,1,'B',3290.69,23),(20205,'2018-07-30T06:02:07.048',4,8,'B',3523.30,26),(20206,'2018-07-30T06:02:07.048',3,1,'B',3320.14,1),(20207,'2018-07-30T06:02:07.048',4,4,'S',9011.44,45),(20208,'2018-07-30T06:02:07.048',3,11,'S',5660.99,308),(20209,'2018-07-30T06:02:07.048',2,1,'S',3291.67,116),(20210,'2018-07-30T06:02:51.420',3,8,'S',3482.52,6),(20211,'2018-07-30T06:02:51.420',3,11,'B',5730.79,38),(20212,'2018-07-30T06:02:51.423',3,7,'B',3807.48,2),(20213,'2018-07-30T06:02:51.423',4,4,'B',9086.55,125),(20214,'2018-07-30T06:02:51.423',4,4,'S',8983.16,31),(20215,'2018-07-30T06:02:51.423',5,6,'B',7348.57,421),(20216,'2018-07-30T06:02:51.423',4,1,'B',3322.06,261),(20217,'2018-07-30T06:02:51.607',2,3,'B',420.11,1),(20218,'2018-07-30T06:02:51.607',2,4,'S',8882.25,662),(20219,'2018-07-30T06:02:51.607',2,10,'B',10125.39,13),(20220,'2018-07-30T06:02:51.609',1,12,'S',1639.21,1),(20221,'2018-07-30T06:02:51.614',5,9,'S',2527.72,181),(20222,'2018-07-30T06:02:51.652',2,3,'S',421.79,142),(20223,'2018-07-30T06:02:51.652',3,11,'S',5660.24,2),(20224,'2018-07-30T06:02:51.652',5,9,'S',2505.32,268),(20225,'2018-07-30T06:02:51.652',3,6,'B',7430.78,123),(20226,'2018-07-30T06:02:51.652',4,6,'B',7516.72,4),(20227,'2018-07-30T06:02:51.653',2,10,'B',10201.96,1),(20228,'2018-07-30T06:02:51.653',4,1,'B',3358.72,51),(20229,'2018-07-30T06:02:51.653',5,11,'S',5605.63,5),(20230,'2018-07-30T06:02:51.653',1,8,'S',3444.07,61),(20231,'2018-07-30T06:02:51.656',1,10,'B',10302.46,186),(20232,'2018-07-30T06:02:51.988',1,2,'B',8004.17,932),(20233,'2018-07-30T06:02:51.995',4,11,'S',5555.37,80),(20234,'2018-07-30T06:02:51.997',3,4,'B',8938.99,5),(20235,'2018-07-30T06:02:51.997',4,5,'B',1439.81,305),(20236,'2018-07-30T06:02:51.997',3,11,'B',5613.72,215),(20237,'2018-07-30T06:02:51.997',4,4,'S',8828.65,41),(20238,'2018-07-30T06:02:51.997',4,8,'B',3475.78,83),(20239,'2018-07-30T06:02:51.999',1,9,'S',2479.08,2),(20240,'2018-07-30T06:02:52.068',1,11,'B',5683.49,1),(20241,'2018-07-30T06:02:52.070',3,5,'S',1422.88,2),(20242,'2018-07-30T06:02:52.070',2,2,'S',7897.20,348),(20243,'2018-07-30T06:02:52.070',2,12,'B',1651.92,912),(20244,'2018-07-30T06:02:52.070',2,6,'B',7597.31,160),(20245,'2018-07-30T06:02:52.070',4,2,'S',7785.28,78),(20246,'2018-07-30T06:02:52.070',5,5,'S',1401.33,4),(20247,'2018-07-30T06:02:52.219',2,2,'S',7676.95,66),(20248,'2018-07-30T06:02:52.247',1,5,'S',1385.24,214),(20249,'2018-07-30T06:02:52.247',1,9,'S',2452.19,4),(20250,'2018-07-30T06:02:52.247',1,6,'B',7671.33,437),(20251,'2018-07-30T06:02:52.248',1,9,'S',2429.03,50),(20252,'2018-07-30T06:02:52.249',3,10,'B',10393.42,2),(20253,'2018-07-30T06:02:52.254',2,6,'S',7594.26,13),(20254,'2018-07-30T06:02:52.254',5,7,'S',3783.27,820),(20255,'2018-07-30T06:02:52.254',2,4,'S',8735.25,992),(20256,'2018-07-30T06:02:52.254',5,7,'S',3750.59,3),(20257,'2018-07-30T06:02:52.254',3,4,'B',8821.60,17),(20258,'2018-07-30T06:02:52.730',4,4,'S',8728.42,20),(20259,'2018-07-30T06:02:52.777',4,10,'B',10487.00,33),(20260,'2018-07-30T06:02:52.778',5,11,'B',5742.98,15),(20261,'2018-07-30T06:02:52.778',5,4,'S',8630.58,2),(20262,'2018-07-30T06:02:52.778',1,5,'B',1396.63,4),(20263,'2018-07-30T06:02:52.778',5,9,'B',2463.94,2),(20264,'2018-07-30T06:02:52.778',2,8,'S',3440.66,51),(20265,'2018-07-30T06:02:52.783',2,8,'B',3474.08,9),(20266,'2018-07-30T06:02:52.783',5,2,'S',7567.14,1),(20267,'2018-07-30T06:02:52.783',4,4,'S',8533.06,3),(20268,'2018-07-30T06:02:52.783',1,1,'B',3393.38,88),(20269,'2018-07-30T06:02:52.783',5,10,'S',10382.49,18),(20270,'2018-07-30T06:02:52.785',2,1,'S',3366.31,5),(20271,'2018-07-30T06:02:52.785',5,9,'S',2440.96,248),(20272,'2018-07-30T06:02:52.785',5,11,'S',5692.92,11),(20273,'2018-07-30T06:02:52.791',2,1,'B',3405.84,44),(20274,'2018-07-30T06:02:52.791',5,10,'S',10248.37,1),(20275,'2018-07-30T06:02:52.791',5,4,'S',8440.77,209),(20276,'2018-07-30T06:02:52.802',3,3,'B',429.31,67),(20277,'2018-07-30T06:02:52.802',4,3,'S',422.15,17),(20278,'2018-07-30T06:02:52.806',3,2,'B',7613.39,221),(20279,'2018-07-30T06:02:52.806',1,10,'B',10330.35,2),(20280,'2018-07-30T06:02:52.806',5,12,'B',1669.70,91),(20281,'2018-07-30T06:02:52.807',2,6,'S',7511.43,1),(20282,'2018-07-30T06:02:52.807',5,10,'B',10421.99,7),(20283,'2018-07-30T06:02:52.891',5,5,'S',1380.68,111),(20284,'2018-07-30T06:02:52.891',1,9,'B',2466.62,399),(20285,'2018-07-30T06:02:52.891',3,3,'B',428.16,5),(20286,'2018-07-30T06:02:52.973',2,12,'S',1664.13,37),(20287,'2018-07-30T06:02:52.975',2,5,'S',1368.82,373),(20288,'2018-07-30T06:02:53.069',3,12,'B',1673.93,8),(20289,'2018-07-30T06:02:53.069',4,12,'B',1689.90,10),(20290,'2018-07-30T06:02:53.069',4,2,'B',7649.23,175),(20291,'2018-07-30T06:02:53.073',5,12,'S',1676.55,378),(20292,'2018-07-30T06:02:53.073',5,8,'B',3508.05,110),(20293,'2018-07-30T06:02:53.073',4,11,'B',5748.12,3),(20294,'2018-07-30T06:02:53.073',2,10,'S',10311.54,6),(20295,'2018-07-30T06:02:53.117',1,10,'B',10409.74,2),(20296,'2018-07-30T06:02:53.117',4,7,'B',3801.50,337),(20297,'2018-07-30T06:02:53.117',5,3,'S',422.07,8),(20298,'2018-07-30T06:02:53.117',2,9,'S',2444.11,11),(20299,'2018-07-30T06:02:53.117',2,9,'S',2422.74,1),(20300,'2018-07-30T06:02:53.117',2,11,'B',5812.87,1),(20301,'2018-07-30T06:02:53.118',1,10,'S',10300.87,16),(20302,'2018-07-30T06:02:53.118',5,3,'B',428.93,116),(20303,'2018-07-30T06:02:53.118',3,2,'B',7685.18,437),(20304,'2018-07-30T06:02:53.118',5,3,'B',432.68,2),(20305,'2018-07-30T06:02:53.118',3,3,'S',428.61,7),(20306,'2018-07-30T06:02:53.118',3,11,'B',5873.58,324),(20307,'2018-07-30T06:03:02.966',5,5,'B',1376.73,45),(20308,'2018-07-30T06:03:02.966',1,9,'B',2446.21,3),(20309,'2018-07-30T06:03:02.966',4,6,'B',7591.46,490),(20310,'2018-07-30T06:03:03.250',2,4,'B',8520.34,953),(20311,'2018-07-30T06:03:03.252',5,4,'B',8589.97,11),(20312,'2018-07-30T06:03:03.253',4,11,'S',5818.17,2),(20313,'2018-07-30T06:03:03.253',5,4,'S',8498.16,178),(20314,'2018-07-30T06:03:03.253',5,9,'B',2469.37,4),(20315,'2018-07-30T06:03:03.254',3,8,'S',3458.03,12),(20316,'2018-07-30T06:03:03.254',3,12,'B',1695.87,3),(20317,'2018-07-30T06:03:03.254',1,7,'B',3849.62,3),(20318,'2018-07-30T06:03:03.254',4,1,'B',3431.03,15),(20319,'2018-07-30T06:03:03.254',5,11,'S',5761.90,63),(20320,'2018-07-30T06:03:03.254',5,12,'B',1713.13,41),(20321,'2018-07-30T06:03:03.254',3,9,'S',2443.13,64),(20322,'2018-07-30T06:03:03.254',5,3,'S',420.04,24),(20323,'2018-07-30T06:03:03.254',5,10,'B',10400.47,896),(20324,'2018-07-30T06:03:03.254',5,8,'B',3488.58,13),(20325,'2018-07-30T06:03:03.254',1,9,'B',2468.67,3),(20326,'2018-07-30T06:03:03.255',1,7,'S',3819.46,27),(20327,'2018-07-30T06:03:03.255',5,10,'S',10287.36,5),(20328,'2018-07-30T06:03:03.257',2,3,'B',430.03,26),(20329,'2018-07-30T06:03:03.257',2,7,'B',3862.69,705),(20330,'2018-07-30T06:03:03.267',1,12,'S',1684.49,3),(20331,'2018-07-30T06:03:03.267',4,6,'B',7676.82,918),(20332,'2018-07-30T06:03:03.267',5,8,'B',3510.23,4),(20333,'2018-07-30T06:03:03.267',1,12,'S',1661.29,19),(20334,'2018-07-30T06:03:03.267',5,5,'B',1384.11,249),(20335,'2018-07-30T06:03:03.269',4,8,'S',3467.45,24),(20336,'2018-07-30T06:03:03.269',3,2,'B',7734.72,68),(20337,'2018-07-30T06:03:03.888',4,9,'B',2494.40,51),(20338,'2018-07-30T06:03:03.888',3,11,'B',5819.00,37),(20339,'2018-07-30T06:03:03.888',3,2,'B',7781.83,66),(20340,'2018-07-30T06:03:03.888',1,4,'S',8398.06,993),(20341,'2018-07-30T06:03:03.902',3,3,'S',427.75,33),(20342,'2018-07-30T06:03:04.011',4,2,'B',7831.94,15),(20343,'2018-07-30T06:03:04.011',1,5,'B',1400.11,1),(20344,'2018-07-30T06:03:04.012',2,7,'B',3914.54,585),(20345,'2018-07-30T06:03:04.012',5,1,'S',3397.13,498),(20346,'2018-07-30T06:03:04.012',4,6,'B',7749.45,49),(20347,'2018-07-30T06:03:04.012',1,12,'B',1663.97,187),(20348,'2018-07-30T06:03:04.012',1,11,'B',5875.41,478),(20349,'2018-07-30T06:03:04.012',3,3,'S',422.80,11),(20350,'2018-07-30T06:03:04.012',3,6,'B',7817.95,2),(20351,'2018-07-30T06:03:04.033',3,4,'S',8293.43,873),(20352,'2018-07-30T06:03:04.033',2,2,'S',7727.53,2),(20353,'2018-07-30T06:03:05.037',4,2,'B',7776.57,542),(20354,'2018-07-30T06:03:05.037',2,2,'S',7666.75,43),(20355,'2018-07-30T06:03:05.038',2,7,'S',3886.12,5),(20356,'2018-07-30T06:03:05.038',5,3,'S',421.63,4),(20357,'2018-07-30T06:03:05.038',3,5,'S',1388.61,84),(20358,'2018-07-30T06:03:05.095',3,4,'S',8217.87,9),(20359,'2018-07-30T06:03:05.137',4,8,'S',3424.54,524),(20360,'2018-07-30T06:03:05.137',3,7,'S',3854.64,658),(20361,'2018-07-30T06:03:05.137',5,10,'B',10371.73,47),(20362,'2018-07-30T06:03:05.137',4,5,'B',1403.45,21),(20363,'2018-07-30T06:03:05.157',5,2,'S',7559.62,133),(20364,'2018-07-30T06:03:05.157',1,9,'S',2470.84,52),(20365,'2018-07-30T06:03:05.157',2,5,'B',1412.45,94),(20366,'2018-07-30T06:03:05.157',4,10,'S',10252.26,33),(20367,'2018-07-30T06:03:05.157',1,9,'S',2445.56,173),(20368,'2018-07-30T06:03:05.157',3,7,'S',3830.98,17),(20369,'2018-07-30T06:03:05.168',3,12,'B',1667.05,380),(20370,'2018-07-30T06:03:05.168',5,2,'B',7611.87,6),(20371,'2018-07-30T06:03:05.169',4,8,'B',3450.83,6),(20372,'2018-07-30T06:03:05.179',3,11,'B',5933.40,14),(20373,'2018-07-30T06:03:05.179',5,2,'S',7507.10,2),(20374,'2018-07-30T06:03:05.179',3,3,'B',428.90,6),(20375,'2018-07-30T06:03:05.180',3,12,'B',1678.30,371),(20376,'2018-07-30T06:03:05.180',5,9,'S',2415.95,978),(20377,'2018-07-30T06:03:05.183',3,8,'B',3483.35,175),(20378,'2018-07-30T06:03:05.199',4,7,'S',3804.89,35),(20379,'2018-07-30T06:03:05.199',1,7,'B',3853.89,13),(20380,'2018-07-30T06:03:05.199',5,8,'B',3502.72,510),(20381,'2018-07-30T06:03:05.208',4,12,'B',1687.25,36),(20382,'2018-07-30T06:03:05.208',5,1,'S',3364.22,1),(20383,'2018-07-30T06:03:05.208',2,3,'S',429.57,3),(20384,'2018-07-30T06:03:06.911',5,7,'S',3822.05,8),(20385,'2018-07-30T06:03:06.915',3,7,'B',3875.50,2),(20386,'2018-07-30T06:03:06.915',4,12,'B',1689.91,667),(20387,'2018-07-30T06:03:08.260',5,3,'S',426.34,734),(20388,'2018-07-30T06:03:08.260',1,1,'S',3333.03,79),(20389,'2018-07-30T06:03:08.261',5,8,'B',3533.56,17),(20390,'2018-07-30T06:03:08.261',1,12,'B',1713.49,2),(20391,'2018-07-30T06:03:08.261',2,1,'S',3296.27,139),(20392,'2018-07-30T06:03:08.864',2,9,'S',2388.37,4),(20393,'2018-07-30T06:03:08.864',3,7,'S',3849.79,38),(20394,'2018-07-30T06:03:08.864',1,6,'B',7890.07,3),(20395,'2018-07-30T06:03:08.883',4,5,'S',1395.96,22),(20396,'2018-07-30T06:03:08.893',3,4,'S',8124.61,2),(20397,'2018-07-30T06:03:08.894',5,1,'B',3329.52,1),(20398,'2018-07-30T06:03:15.423',2,9,'B',2412.72,13),(20399,'2018-07-30T06:03:15.424',5,10,'S',10152.12,65),(20400,'2018-07-30T06:03:15.578',1,7,'S',3817.55,736),(20401,'2018-07-30T06:03:15.578',3,8,'S',3497.59,3),(20402,'2018-07-30T06:03:15.578',5,11,'B',5991.68,20),(20403,'2018-07-30T06:03:15.578',5,12,'S',1683.67,378),(20404,'2018-07-30T06:03:15.578',4,10,'B',10254.93,103),(20405,'2018-07-30T06:03:15.579',4,11,'S',5932.70,34),(20406,'2018-07-30T06:03:15.585',4,3,'S',427.23,1),(20407,'2018-07-30T06:03:15.586',3,4,'B',8180.41,484),(20408,'2018-07-30T06:03:15.586',3,4,'B',8236.92,311),(20409,'2018-07-30T06:03:15.586',3,1,'S',3293.48,46),(20410,'2018-07-30T06:03:15.586',2,5,'S',1374.62,420),(20411,'2018-07-30T06:03:15.591',5,10,'S',10144.66,8),(20412,'2018-07-30T06:03:15.591',5,4,'B',8300.04,655),(20413,'2018-07-30T06:03:15.594',1,5,'B',1382.66,52),(20414,'2018-07-30T06:03:15.635',2,3,'S',426.45,1),(20415,'2018-07-30T06:03:15.635',1,12,'S',1669.10,1),(20416,'2018-07-30T06:03:15.635',5,5,'S',1361.16,171),(20417,'2018-07-30T06:03:15.635',5,11,'B',5981.95,1),(20418,'2018-07-30T06:03:15.635',4,1,'B',3330.47,1),(20419,'2018-07-30T06:03:15.635',5,6,'B',7968.66,35),(20420,'2018-07-30T06:03:15.663',1,8,'S',3459.67,10),(20421,'2018-07-30T06:03:15.664',4,2,'B',7550.29,26),(20422,'2018-07-30T06:03:15.679',3,2,'S',7441.68,334),(20423,'2018-07-30T06:03:16.251',2,6,'B',8046.91,1),(20424,'2018-07-30T06:03:16.251',3,11,'B',6035.13,8),(20425,'2018-07-30T06:03:16.251',3,11,'B',6102.35,1),(20426,'2018-07-30T06:03:16.251',1,5,'B',1366.33,2),(20427,'2018-07-30T06:03:16.257',2,4,'S',8203.31,10),(20428,'2018-07-30T06:03:18.121',2,10,'B',10224.05,212),(20429,'2018-07-30T06:03:18.121',4,11,'B',6157.18,22),(20430,'2018-07-30T06:03:18.121',4,3,'B',432.54,597),(20431,'2018-07-30T06:03:18.121',2,4,'B',8273.37,428),(20432,'2018-07-30T06:03:18.121',2,3,'B',436.12,43),(20433,'2018-07-30T06:03:18.121',4,1,'S',3297.20,216),(20434,'2018-07-30T06:03:18.121',2,9,'B',2432.78,4),(20435,'2018-07-30T06:03:18.121',1,9,'S',2405.44,246),(20436,'2018-07-30T06:03:18.121',3,9,'S',2384.31,23),(20437,'2018-07-30T06:03:18.121',3,6,'B',8125.48,325),(20438,'2018-07-30T06:03:18.121',1,9,'B',2411.74,52),(20439,'2018-07-30T06:03:18.121',5,4,'S',8169.78,264),(20440,'2018-07-30T06:03:18.280',5,2,'B',7482.40,4),(20441,'2018-07-30T06:03:18.289',5,10,'B',10327.89,58),(20442,'2018-07-30T06:03:18.290',5,1,'B',3324.51,881),(20443,'2018-07-30T06:03:18.290',1,11,'S',6092.19,1),(20444,'2018-07-30T06:03:18.388',5,3,'S',434.39,60),(20445,'2018-07-30T06:03:18.388',4,4,'S',8074.60,118),(20446,'2018-07-30T06:03:18.388',3,2,'S',7379.95,554),(20447,'2018-07-30T06:03:18.388',1,6,'B',8199.86,402),(20448,'2018-07-30T06:03:18.389',1,5,'S',1346.74,60),(20449,'2018-07-30T06:03:18.389',5,9,'S',2384.25,2),(20450,'2018-07-30T06:03:18.389',5,11,'S',6023.64,251),(20451,'2018-07-30T06:03:18.389',3,11,'S',5969.61,956),(20452,'2018-07-30T06:04:07.954',4,3,'B',442.38,20),(20453,'2018-07-30T06:04:07.954',4,7,'S',3786.94,678),(20454,'2018-07-30T06:04:07.956',2,5,'S',1331.01,4),(20455,'2018-07-30T06:04:07.956',4,7,'S',3758.60,2),(20456,'2018-07-30T06:04:07.956',1,3,'S',443.40,3),(20457,'2018-07-30T06:04:07.956',2,2,'B',7419.56,4),(20458,'2018-07-30T06:04:07.956',1,2,'B',7461.95,4),(20459,'2018-07-30T06:04:07.956',3,5,'B',1339.26,21),(20460,'2018-07-30T06:04:07.957',4,11,'B',6031.61,3),(20461,'2018-07-30T06:04:07.957',2,7,'B',3811.80,20),(20462,'2018-07-30T06:04:07.957',2,3,'S',440.14,9),(20463,'2018-07-30T06:04:07.958',3,3,'S',436.57,611),(20464,'2018-07-30T06:04:07.958',4,3,'S',430.81,2),(20465,'2018-07-30T06:04:07.958',1,1,'S',3291.79,8),(20466,'2018-07-30T06:04:07.958',3,3,'S',427.68,15),(20467,'2018-07-30T06:04:07.958',3,6,'B',8276.73,2),(20468,'2018-07-30T06:04:07.958',1,6,'B',8363.78,23),(20469,'2018-07-30T06:04:07.961',5,4,'S',7997.04,308),(20470,'2018-07-30T06:04:07.976',3,7,'B',3855.20,6),(20471,'2018-07-30T06:04:07.977',3,1,'S',3253.90,13),(20472,'2018-07-30T06:04:07.977',5,9,'S',2353.10,42),(20473,'2018-07-30T06:04:07.977',2,5,'B',1348.03,51),(20474,'2018-07-30T06:04:07.977',3,4,'S',7910.36,91),(20475,'2018-07-30T06:04:08.187',2,3,'S',425.18,14),(20476,'2018-07-30T06:04:08.187',4,8,'S',3421.75,895),(20477,'2018-07-30T06:04:08.187',2,12,'S',1650.49,203),(20478,'2018-07-30T06:04:08.189',4,7,'B',3902.65,5),(20479,'2018-07-30T06:04:09.519',1,11,'S',5972.62,42),(20480,'2018-07-30T06:04:09.519',3,3,'B',428.54,1),(20481,'2018-07-30T06:04:09.541',2,11,'S',5910.97,4),(20482,'2018-07-30T06:04:09.541',2,8,'S',3383.89,1),(20483,'2018-07-30T06:04:09.541',2,7,'S',3868.95,18),(20484,'2018-07-30T06:04:09.546',4,2,'S',7354.60,3),(20485,'2018-07-30T06:04:09.546',5,7,'B',3913.59,658),(20486,'2018-07-30T06:04:09.911',5,3,'B',439.06,17),(20487,'2018-07-30T06:04:09.911',2,6,'B',8450.99,14),(20488,'2018-07-30T06:04:10.053',2,1,'S',3223.74,38),(20489,'2018-07-30T06:04:10.053',2,10,'S',10218.48,9),(20490,'2018-07-30T06:04:10.053',2,5,'S',1326.96,1),(20491,'2018-07-30T06:04:10.053',2,5,'S',1315.93,12),(20492,'2018-07-30T06:04:10.053',5,2,'S',7249.87,4),(20493,'2018-07-30T06:04:10.053',5,10,'S',10121.35,679),(20494,'2018-07-30T06:04:10.059',3,3,'B',443.89,508),(20495,'2018-07-30T06:04:10.059',2,10,'S',10020.90,826),(20496,'2018-07-30T06:04:10.059',2,2,'B',7296.71,1),(20497,'2018-07-30T06:04:10.059',1,2,'B',7331.40,82),(20498,'2018-07-30T06:04:10.059',1,10,'S',9913.90,4),(20499,'2018-07-30T06:04:10.059',1,8,'B',3406.69,11),(20500,'2018-07-30T06:04:10.059',4,10,'B',9993.74,14),(20501,'2018-07-30T06:04:10.155',2,11,'B',5980.51,1),(20502,'2018-07-30T06:04:10.155',1,7,'S',3887.20,33),(20503,'2018-07-30T06:04:10.155',5,12,'S',1615.66,5),(20504,'2018-07-30T06:04:10.155',1,12,'B',1618.21,2),(20505,'2018-07-30T06:04:10.155',5,1,'S',3195.53,1),(20506,'2018-07-30T06:04:10.156',3,2,'S',7228.13,73),(20507,'2018-07-30T06:04:10.156',3,9,'S',2332.43,10),(20508,'2018-07-30T06:04:10.156',1,10,'S',9889.74,63),(20509,'2018-07-30T06:04:10.156',4,7,'B',3930.66,57),(20510,'2018-07-30T06:04:10.674',4,11,'S',5920.21,47),(20511,'2018-07-30T06:04:10.855',2,9,'B',2359.31,153),(20512,'2018-07-30T06:04:10.913',1,4,'S',7832.03,18),(20513,'2018-07-30T06:04:10.913',1,5,'S',1302.32,1),(20514,'2018-07-30T06:04:10.913',2,8,'S',3362.60,3),(20515,'2018-07-30T06:04:10.913',3,1,'S',3160.47,23),(20516,'2018-07-30T06:04:10.913',1,2,'S',7123.22,1),(20517,'2018-07-30T06:04:10.913',5,8,'S',3326.01,255),(20518,'2018-07-30T06:04:10.932',4,8,'S',3280.61,1),(20519,'2018-07-30T06:04:10.932',1,1,'B',3192.56,6),(20520,'2018-07-30T06:04:10.932',3,1,'S',3152.60,378),(20521,'2018-07-30T06:04:10.932',1,8,'B',3299.67,432),(20522,'2018-07-30T06:04:10.932',4,12,'S',1596.78,8),(20523,'2018-07-30T06:04:10.932',4,7,'B',3977.95,106),(20524,'2018-07-30T06:04:10.942',2,10,'B',9984.07,52),(20525,'2018-07-30T06:04:10.942',2,12,'B',1607.78,95),(20526,'2018-07-30T06:04:10.944',3,4,'B',7900.94,638),(20527,'2018-07-30T06:04:10.944',3,1,'S',3117.10,79),(20528,'2018-07-30T06:04:10.944',3,11,'B',5970.38,861),(20529,'2018-07-30T06:04:10.944',5,5,'B',1311.83,5),(20530,'2018-07-30T06:04:10.945',5,4,'B',7961.35,23),(20531,'2018-07-30T06:04:10.945',4,4,'B',8046.09,19),(20532,'2018-07-30T06:04:10.945',4,2,'S',7017.53,13),(20533,'2018-07-30T06:04:10.945',4,2,'B',7052.24,37),(20534,'2018-07-30T06:04:11.112',2,2,'B',7091.41,3),(20535,'2018-07-30T06:04:11.113',3,6,'B',8544.58,60),(20536,'2018-07-30T06:04:11.116',2,3,'B',447.47,5),(20537,'2018-07-30T06:04:11.116',5,9,'B',2381.96,2),(20538,'2018-07-30T06:04:11.116',4,3,'S',442.40,968),(20539,'2018-07-30T06:04:11.117',5,11,'S',5911.60,389),(20540,'2018-07-30T06:04:11.122',2,1,'S',3083.85,314),(20541,'2018-07-30T06:04:11.122',4,3,'B',453.59,3),(20542,'2018-07-30T06:04:11.122',5,12,'B',1632.67,5),(20543,'2018-07-30T06:04:11.122',2,11,'B',5969.99,4),(20544,'2018-07-30T06:04:11.122',1,4,'S',7950.30,8),(20545,'2018-07-30T06:04:11.122',5,8,'S',3266.13,172),(20546,'2018-07-30T06:04:11.123',3,7,'B',4030.33,55),(20547,'2018-07-30T06:04:11.123',4,4,'S',7860.44,355),(20548,'2018-07-30T06:04:11.145',1,10,'S',9873.11,50),(20549,'2018-07-30T06:04:11.151',4,8,'B',3292.00,3),(20550,'2018-07-30T06:04:11.151',1,4,'B',7932.24,687),(20551,'2018-07-30T06:04:11.151',2,1,'B',3116.61,8),(20552,'2018-07-30T06:04:11.151',1,12,'S',1627.86,53),(20553,'2018-07-30T06:04:11.151',2,6,'B',8621.98,459),(20554,'2018-07-30T06:04:11.151',1,2,'S',6981.36,34),(20555,'2018-07-30T06:04:11.151',1,7,'S',3998.04,558),(20556,'2018-07-30T06:04:11.151',3,10,'B',9951.49,4),(20557,'2018-07-30T06:04:11.252',3,1,'B',3147.46,641),(20558,'2018-07-30T06:04:11.252',2,12,'B',1636.94,13),(20559,'2018-07-30T06:04:11.252',3,1,'S',3113.54,6),(20560,'2018-07-30T06:04:11.252',5,10,'B',10040.96,23),(20561,'2018-07-30T06:04:11.252',5,3,'S',450.97,424),(20562,'2018-07-30T06:04:11.252',5,2,'S',6878.03,62),(20563,'2018-07-30T06:04:11.252',4,11,'S',5896.18,8),(20564,'2018-07-30T06:04:11.252',1,4,'B',8000.02,25),(20565,'2018-07-30T06:04:11.254',5,9,'B',2407.79,1),(20566,'2018-07-30T06:04:11.254',2,9,'B',2436.62,93),(20567,'2018-07-30T06:04:11.254',1,11,'S',5821.30,2),(20568,'2018-07-30T06:04:12.428',3,5,'B',1323.65,8),(20569,'2018-07-30T06:04:12.428',3,5,'B',1336.99,3),(20570,'2018-07-30T06:04:12.428',1,12,'S',1613.23,5),(20571,'2018-07-30T06:04:12.428',4,9,'B',2464.37,40),(20572,'2018-07-30T06:04:12.428',1,1,'B',3139.54,92),(20573,'2018-07-30T06:04:12.428',3,7,'S',3969.99,450),(20574,'2018-07-30T06:04:12.428',2,10,'B',10121.25,530),(20575,'2018-07-30T06:04:12.439',2,2,'S',6773.00,796),(20576,'2018-07-30T06:04:12.439',3,11,'B',5887.13,552),(20577,'2018-07-30T06:04:12.591',3,8,'B',3317.52,83),(20578,'2018-07-30T06:04:12.591',4,12,'B',1631.99,1),(20579,'2018-07-30T06:04:12.618',2,12,'B',1648.84,4),(20580,'2018-07-30T06:04:12.618',5,9,'S',2439.48,165),(20581,'2018-07-30T06:04:12.618',5,12,'B',1671.56,13),(20582,'2018-07-30T06:04:12.672',1,2,'S',6677.31,113),(20583,'2018-07-30T06:04:12.672',4,10,'B',10217.44,172),(20584,'2018-07-30T06:04:12.673',4,7,'S',3933.32,6),(20585,'2018-07-30T06:04:12.673',3,10,'S',10092.45,27),(20586,'2018-07-30T06:04:12.673',4,10,'B',10180.12,12),(20587,'2018-07-30T06:04:12.674',5,10,'B',10270.51,18),(20588,'2018-07-30T06:04:12.674',2,11,'B',5946.18,16),(20589,'2018-07-30T06:04:12.674',1,11,'S',5884.30,119),(20590,'2018-07-30T06:04:12.674',5,8,'B',3343.33,301),(20591,'2018-07-30T06:04:12.683',4,1,'S',3105.82,50),(20592,'2018-07-30T06:04:12.683',1,10,'B',10366.81,5),(20593,'2018-07-30T06:04:12.685',1,2,'S',6586.90,2),(20594,'2018-07-30T06:04:12.685',4,12,'S',1646.42,2),(20595,'2018-07-30T06:04:12.689',3,7,'B',3978.70,139),(20596,'2018-07-30T06:04:12.689',5,7,'B',4026.77,85),(20597,'2018-07-30T06:04:12.689',3,5,'S',1321.54,15),(20598,'2018-07-30T06:04:12.689',2,12,'S',1637.54,129),(20599,'2018-07-30T06:04:12.689',1,1,'B',3137.90,615),(20600,'2018-07-30T06:04:12.689',2,8,'S',3310.76,27),(20601,'2018-07-30T06:04:12.689',1,9,'B',2470.33,1),(20602,'2018-07-30T06:04:12.689',3,3,'S',447.09,5),(20603,'2018-07-30T06:04:12.689',2,11,'B',5943.74,9),(20604,'2018-07-30T06:04:12.689',2,10,'B',10461.28,1),(20605,'2018-07-30T06:04:12.809',3,12,'B',1652.63,185),(20606,'2018-07-30T06:04:12.809',2,6,'S',8542.51,4),(20607,'2018-07-30T06:04:12.810',2,12,'S',1626.26,340),(20608,'2018-07-30T06:04:12.810',3,6,'S',8457.46,12),(20609,'2018-07-30T06:04:12.810',1,9,'B',2493.92,3),(20610,'2018-07-30T06:04:12.810',2,3,'B',451.38,30),(20611,'2018-07-30T06:04:12.810',2,2,'S',6487.50,73),(20612,'2018-07-30T06:04:12.811',3,11,'S',5882.69,210),(20613,'2018-07-30T06:04:12.812',2,6,'B',8545.67,188),(20614,'2018-07-30T06:04:12.818',2,11,'B',5944.66,43),(20615,'2018-07-30T06:04:12.818',2,6,'B',8628.05,10),(20616,'2018-07-30T06:04:12.818',5,1,'S',3111.11,1),(20617,'2018-07-30T06:04:12.818',4,1,'S',3078.25,2),(20618,'2018-07-30T06:04:12.818',5,2,'B',6513.32,26),(20619,'2018-07-30T06:04:12.818',3,2,'S',6413.65,103),(20620,'2018-07-30T06:04:12.819',5,7,'S',3994.70,61),(20621,'2018-07-30T06:04:12.819',5,7,'S',3968.90,222),(20622,'2018-07-30T06:04:12.819',4,6,'B',8700.76,12),(20623,'2018-07-30T06:04:12.819',5,11,'S',5889.13,300),(20624,'2018-07-30T06:04:12.865',4,11,'B',5945.37,1),(20625,'2018-07-30T06:04:12.865',4,11,'S',5879.47,3),(20626,'2018-07-30T06:04:12.865',1,4,'S',7917.62,1),(20627,'2018-07-30T06:04:12.889',5,9,'B',2529.93,1),(20628,'2018-07-30T06:04:12.890',1,4,'B',7990.86,506),(20629,'2018-07-30T06:04:12.890',5,7,'B',4022.97,1),(20630,'2018-07-30T06:04:12.890',1,9,'S',2498.44,465),(20631,'2018-07-30T06:04:12.890',4,8,'B',3334.22,677),(20632,'2018-07-30T06:04:12.890',2,1,'B',3103.35,74),(20633,'2018-07-30T06:04:12.891',2,4,'B',8067.00,122),(20634,'2018-07-30T06:04:12.891',4,4,'S',7961.77,119),(20635,'2018-07-30T06:04:13.029',2,11,'B',5933.73,1),(20636,'2018-07-30T06:04:13.030',4,10,'B',10551.73,14),(20637,'2018-07-30T06:04:13.030',4,5,'S',1300.00,33),(20638,'2018-07-30T06:04:14.089',1,3,'B',464.35,367),(20639,'2018-07-30T06:04:14.089',5,9,'B',2525.02,3),(20640,'2018-07-30T06:04:14.171',5,12,'B',1646.87,71),(20641,'2018-07-30T06:04:14.171',2,5,'S',1282.33,921),(20642,'2018-07-30T06:04:14.171',5,11,'S',5879.09,587),(20643,'2018-07-30T06:04:14.177',2,9,'S',2493.54,45),(20644,'2018-07-30T06:04:16.835',2,9,'S',2468.36,38),(20645,'2018-07-30T06:04:16.835',1,5,'S',1269.21,3),(20646,'2018-07-30T06:04:16.835',4,3,'B',465.50,1),(20647,'2018-07-30T06:04:16.838',1,9,'B',2493.85,221),(20648,'2018-07-30T06:04:16.853',2,4,'B',8035.47,383),(20649,'2018-07-30T06:04:16.868',1,5,'B',1278.53,773),(20650,'2018-07-30T06:04:16.870',3,1,'S',3072.90,319),(20651,'2018-07-30T06:04:16.870',2,2,'B',6445.99,37),(20652,'2018-07-30T06:04:16.870',2,8,'S',3296.27,170),(20653,'2018-07-30T06:04:16.878',4,10,'S',10420.85,9),(20654,'2018-07-30T06:04:16.878',3,7,'S',3990.36,176),(20655,'2018-07-30T06:04:16.878',2,9,'S',2468.24,59),(20656,'2018-07-30T06:04:16.878',5,9,'S',2444.12,396),(20657,'2018-07-30T06:04:16.879',3,12,'B',1655.84,16),(20658,'2018-07-30T06:04:16.880',3,6,'B',8798.26,24),(20659,'2018-07-30T06:04:16.880',5,10,'S',10314.41,2),(20660,'2018-07-30T06:04:16.880',4,2,'B',6475.82,516),(20661,'2018-07-30T06:04:16.921',4,8,'B',3318.80,7),(20662,'2018-07-30T06:04:16.921',4,9,'B',2470.03,192),(20663,'2018-07-30T06:04:16.922',5,5,'S',1258.22,549),(20664,'2018-07-30T06:04:16.922',2,5,'S',1236.48,132),(20665,'2018-07-30T06:04:16.922',5,12,'S',1635.84,1),(20666,'2018-07-30T06:04:16.925',3,10,'S',10199.06,247),(20667,'2018-07-30T06:04:16.925',2,8,'S',3281.69,1),(20668,'2018-07-30T06:04:16.925',3,3,'B',475.37,778),(20669,'2018-07-30T06:04:16.925',5,9,'S',2448.75,317),(20670,'2018-07-30T06:04:16.944',1,5,'B',1246.69,861),(20671,'2018-07-30T06:04:16.945',3,9,'S',2424.86,651),(20672,'2018-07-30T06:04:16.945',5,6,'B',8900.85,1),(20673,'2018-07-30T06:04:16.946',5,2,'B',6504.53,139),(20674,'2018-07-30T06:04:16.947',3,9,'B',2445.63,47),(20675,'2018-07-30T06:04:16.947',2,1,'B',3101.51,56),(20676,'2018-07-30T06:04:16.947',3,10,'S',10098.82,50),(20677,'2018-07-30T06:04:16.955',1,12,'B',1656.78,90),(20678,'2018-07-30T06:04:16.955',4,9,'B',2469.42,173),(20679,'2018-07-30T06:04:16.955',3,8,'B',3303.43,3),(20680,'2018-07-30T06:04:16.955',4,10,'B',10177.26,12),(20681,'2018-07-30T06:04:17.054',4,2,'S',6411.04,1),(20682,'2018-07-30T06:04:17.054',5,8,'B',3327.62,52),(20683,'2018-07-30T06:04:17.054',5,4,'S',7930.99,684),(20684,'2018-07-30T06:04:17.061',1,10,'B',10267.85,56),(20685,'2018-07-30T06:04:17.062',4,9,'B',2495.26,42),(20686,'2018-07-30T06:04:17.062',3,3,'S',477.42,10),(20687,'2018-07-30T06:04:17.062',3,1,'B',3129.91,821),(20688,'2018-07-30T06:04:17.062',3,1,'B',3166.64,87),(20689,'2018-07-30T06:04:17.063',2,7,'S',3961.30,3),(20690,'2018-07-30T06:04:17.063',5,1,'S',3130.02,15),(20691,'2018-07-30T06:04:17.068',1,5,'S',1237.15,11),(20692,'2018-07-30T06:04:17.068',4,2,'S',6313.27,94),(20693,'2018-07-30T06:04:17.068',2,1,'S',3098.71,514),(20694,'2018-07-30T06:04:17.068',5,12,'B',1669.21,386),(20695,'2018-07-30T06:04:17.072',1,11,'B',5927.77,1),(20696,'2018-07-30T06:04:17.072',4,3,'B',479.46,13),(20697,'2018-07-30T06:04:17.072',4,7,'S',3932.98,2),(20698,'2018-07-30T06:04:17.075',5,4,'B',8005.99,5),(20699,'2018-07-30T06:04:17.075',2,8,'B',3347.02,51),(20700,'2018-07-30T06:04:17.075',5,4,'S',7901.88,2),(20701,'2018-07-30T06:04:17.075',3,10,'S',10151.40,12),(20702,'2018-07-30T06:04:17.075',2,3,'S',478.44,464),(20703,'2018-07-30T06:04:17.144',2,9,'B',2525.49,543),(20704,'2018-07-30T06:04:19.669',4,3,'S',475.41,2),(20705,'2018-07-30T06:04:19.673',4,7,'S',3908.20,31),(20706,'2018-07-30T06:04:19.738',3,10,'B',10250.12,12),(20707,'2018-07-30T06:04:19.738',1,1,'S',3067.56,23),(20708,'2018-07-30T06:04:19.738',2,1,'B',3097.25,53),(20709,'2018-07-30T06:04:19.742',5,2,'S',6213.12,523),(20710,'2018-07-30T06:04:20.151',3,11,'B',5975.84,17),(20711,'2018-07-30T06:04:20.151',2,4,'S',7802.54,12),(20712,'2018-07-30T06:04:20.151',1,5,'B',1244.72,14),(20713,'2018-07-30T06:04:20.151',5,2,'B',6243.70,4),(20714,'2018-07-30T06:04:20.151',4,11,'B',6032.03,20),(20715,'2018-07-30T06:04:20.165',4,7,'S',3881.76,72),(20716,'2018-07-30T06:04:20.165',3,12,'B',1688.12,7),(20717,'2018-07-30T06:04:20.171',3,8,'S',3307.91,30),(20718,'2018-07-30T06:04:20.183',5,8,'B',3338.91,38),(20719,'2018-07-30T06:04:20.183',3,4,'S',7708.61,4),(20720,'2018-07-30T06:04:20.194',3,6,'B',8988.37,11),(20721,'2018-07-30T06:04:20.194',1,5,'B',1252.95,65),(20722,'2018-07-30T06:04:20.194',2,1,'S',3067.82,62),(20723,'2018-07-30T06:04:20.194',3,4,'B',7763.67,4),(20724,'2018-07-30T06:04:20.194',2,2,'S',6141.60,178),(20725,'2018-07-30T06:04:20.199',2,10,'B',10314.34,87),(20726,'2018-07-30T06:04:20.199',3,5,'S',1235.99,4),(20727,'2018-07-30T06:04:20.199',2,9,'S',2506.10,14),(20728,'2018-07-30T06:04:20.199',1,9,'B',2536.83,3),(20729,'2018-07-30T06:04:20.199',1,10,'S',10178.13,97),(20730,'2018-07-30T06:04:20.199',4,8,'B',3372.27,6),(20731,'2018-07-30T06:04:20.199',2,12,'B',1694.72,9),(20732,'2018-07-30T06:04:20.199',1,8,'B',3402.36,14),(20733,'2018-07-30T06:04:20.199',2,5,'S',1219.55,449),(20734,'2018-07-30T06:04:20.199',2,9,'B',2560.38,3),(20735,'2018-07-30T06:04:20.208',1,6,'S',8895.50,9),(20736,'2018-07-30T06:04:20.208',3,4,'B',7820.71,2),(20737,'2018-07-30T06:04:20.208',5,9,'B',2580.06,19),(20738,'2018-07-30T06:04:20.208',5,12,'S',1681.28,18),(20739,'2018-07-30T06:04:20.209',1,8,'S',3351.49,671),(20740,'2018-07-30T06:04:20.209',5,8,'S',3301.63,43),(20741,'2018-07-30T06:04:20.209',3,8,'S',3269.61,5),(20742,'2018-07-30T06:04:20.209',2,7,'S',3856.98,692),(20743,'2018-07-30T06:04:20.209',5,12,'B',1703.91,811),(20744,'2018-07-30T06:04:20.209',4,8,'S',3226.93,173),(20745,'2018-07-30T06:04:20.209',4,3,'B',482.35,17),(20746,'2018-07-30T06:04:20.209',5,11,'S',5972.99,65),(20747,'2018-07-30T06:04:20.209',5,1,'S',3043.11,1),(20748,'2018-07-30T06:04:20.209',3,8,'S',3178.97,1),(20749,'2018-07-30T06:04:20.209',1,10,'S',10061.78,14),(20750,'2018-07-30T06:04:20.211',2,11,'B',6028.73,249),(20751,'2018-07-30T06:04:20.212',5,10,'B',10139.96,2),(20752,'2018-07-30T06:04:21.968',5,2,'S',6050.34,9),(20753,'2018-07-30T06:04:21.968',4,4,'B',7865.08,11),(20754,'2018-07-30T06:04:21.968',4,12,'B',1715.85,138),(20755,'2018-07-30T06:04:21.968',1,9,'B',2603.53,11),(20756,'2018-07-30T06:04:21.968',1,4,'S',7782.47,79),(20757,'2018-07-30T06:04:21.968',2,8,'B',3208.58,36),(20758,'2018-07-30T06:04:21.980',5,6,'B',8994.59,219),(20759,'2018-07-30T06:04:21.985',5,10,'B',10221.76,90),(20760,'2018-07-30T06:04:22.024',1,9,'S',2579.45,183),(20761,'2018-07-30T06:04:22.027',5,2,'B',6084.40,381),(20762,'2018-07-30T06:04:22.027',1,4,'S',7703.76,11),(20763,'2018-07-30T06:04:22.027',1,2,'B',6117.90,95),(20764,'2018-07-30T06:04:22.027',4,5,'S',1209.78,351),(20765,'2018-07-30T06:04:22.027',3,9,'S',2559.16,6),(20766,'2018-07-30T06:04:22.027',3,4,'S',7615.83,1),(20767,'2018-07-30T06:04:22.027',2,10,'S',10103.78,37),(20768,'2018-07-30T06:04:22.029',3,11,'S',5967.29,417),(20769,'2018-07-30T06:04:22.029',4,8,'S',3170.99,43),(20770,'2018-07-30T06:04:22.029',2,12,'S',1718.33,714),(20771,'2018-07-30T06:04:22.029',4,4,'B',7681.26,1),(20772,'2018-07-30T06:04:22.030',1,4,'S',7599.06,7),(20773,'2018-07-30T06:04:22.034',2,6,'S',8924.77,34),(20774,'2018-07-30T06:04:22.039',1,12,'B',1734.34,184),(20775,'2018-07-30T06:04:22.039',5,6,'B',9026.51,50),(20776,'2018-07-30T06:04:22.041',2,3,'B',487.20,7),(20777,'2018-07-30T06:04:22.041',5,9,'S',2533.35,10),(20778,'2018-07-30T06:04:22.041',4,4,'S',7516.62,4),(20779,'2018-07-30T06:04:22.092',2,4,'S',7441.93,77),(20780,'2018-07-30T06:04:22.092',1,2,'S',6022.04,4),(20781,'2018-07-30T06:04:22.092',2,10,'S',9993.35,200),(20782,'2018-07-30T06:04:22.092',5,11,'S',5913.77,7),(20783,'2018-07-30T06:04:22.092',1,2,'S',5926.12,33),(20784,'2018-07-30T06:04:22.101',1,2,'B',5948.18,22),(20785,'2018-07-30T06:04:22.101',5,2,'S',5862.55,19),(20786,'2018-07-30T06:04:22.101',5,3,'B',492.52,11),(20787,'2018-07-30T06:04:22.112',3,8,'B',3191.08,10),(20788,'2018-07-30T06:04:22.112',3,8,'S',3154.42,24),(20789,'2018-07-30T06:04:22.113',5,1,'S',3007.29,8),(20790,'2018-07-30T06:04:22.113',3,11,'B',5972.77,10),(20791,'2018-07-30T06:04:22.118',4,10,'B',10072.28,488),(20792,'2018-07-30T06:04:22.118',3,9,'B',2558.47,570),(20793,'2018-07-30T06:04:22.118',5,12,'B',1742.46,29),(20794,'2018-07-30T06:04:22.118',1,1,'B',3037.37,174),(20795,'2018-07-30T06:04:22.118',2,11,'B',6028.56,1),(20796,'2018-07-30T06:04:22.118',1,8,'S',3121.22,703),(20797,'2018-07-30T06:04:22.118',5,2,'B',5895.15,88),(20798,'2018-07-30T06:04:22.506',5,3,'S',494.38,669),(20799,'2018-07-30T06:04:22.506',2,9,'S',2527.93,2),(20800,'2018-07-30T06:04:22.506',1,1,'B',3064.64,2),(20801,'2018-07-30T06:04:22.506',4,10,'B',10168.31,552),(20802,'2018-07-30T06:04:23.577',4,1,'B',3096.05,46),(20803,'2018-07-30T06:04:23.577',1,1,'S',3065.69,348),(20804,'2018-07-30T06:04:23.577',4,11,'B',6094.04,125),(20805,'2018-07-30T06:04:23.577',3,7,'S',3833.70,301),(20806,'2018-07-30T06:04:23.583',4,5,'S',1191.95,2),(20807,'2018-07-30T06:04:23.583',5,6,'S',8939.84,68),(20808,'2018-07-30T06:04:23.585',2,2,'S',5806.46,191),(20809,'2018-07-30T06:04:23.585',5,5,'S',1175.35,8),(20810,'2018-07-30T06:04:38.468',2,3,'B',494.00,2),(20811,'2018-07-30T06:04:38.468',4,11,'B',6162.35,884),(20812,'2018-07-30T06:04:38.469',4,11,'B',6235.34,1),(20813,'2018-07-30T06:04:38.469',2,6,'S',8857.77,5),(20814,'2018-07-30T06:04:38.469',5,6,'S',8775.27,2),(20815,'2018-07-30T06:04:38.479',3,9,'S',2499.18,149),(20816,'2018-07-30T06:04:40.424',3,7,'S',3808.71,3),(20817,'2018-07-30T06:04:40.473',3,6,'S',8673.69,3),(20818,'2018-07-30T06:04:40.473',3,2,'B',5832.18,50),(20819,'2018-07-30T06:04:42.953',4,4,'S',7374.38,53),(20820,'2018-07-30T06:04:47.011',4,3,'B',503.64,1),(20821,'2018-07-30T06:04:47.012',4,10,'B',10272.11,7),(20822,'2018-07-30T06:04:47.012',1,7,'B',3863.30,15),(20823,'2018-07-30T06:04:47.012',1,7,'S',3828.42,45),(20824,'2018-07-30T06:04:47.012',5,7,'S',3800.39,39),(20825,'2018-07-30T06:05:41.141',2,10,'B',10358.57,194),(20826,'2018-07-30T06:05:41.143',5,9,'B',2523.56,97),(20827,'2018-07-30T06:05:41.143',1,4,'B',7437.71,5),(20828,'2018-07-30T06:05:41.143',1,5,'B',1190.15,86),(20829,'2018-07-30T06:05:41.143',1,1,'B',3095.74,5),(20830,'2018-07-30T06:05:41.143',1,5,'S',1175.70,459),(20831,'2018-07-30T06:05:41.152',4,2,'S',5737.98,4),(20832,'2018-07-30T06:05:41.152',1,11,'B',6291.62,14),(20833,'2018-07-30T06:05:41.152',3,7,'B',3847.85,3),(20834,'2018-07-30T06:05:41.152',1,6,'B',8762.60,1),(20835,'2018-07-30T06:05:41.153',5,10,'B',10454.21,2),(20836,'2018-07-30T06:05:41.156',3,9,'B',2544.35,18),(20837,'2018-07-30T06:05:41.175',1,3,'B',510.13,523),(20838,'2018-07-30T06:05:41.175',5,1,'S',3060.32,86),(20839,'2018-07-30T06:05:41.176',2,9,'S',2520.27,2),(20840,'2018-07-30T06:05:41.176',3,8,'S',3083.86,2),(20841,'2018-07-30T06:05:41.176',1,8,'B',3109.08,2),(20842,'2018-07-30T06:05:41.176',5,6,'B',8851.27,153),(20843,'2018-07-30T06:05:41.176',3,8,'B',3128.90,32),(20844,'2018-07-30T06:05:41.524',3,3,'S',502.66,9),(20845,'2018-07-30T06:05:41.524',1,7,'S',3823.43,2),(20846,'2018-07-30T06:05:41.524',1,3,'B',504.72,861),(20847,'2018-07-30T06:05:41.526',4,9,'B',2546.49,2),(20848,'2018-07-30T06:05:41.526',5,12,'B',1774.96,1),(20849,'2018-07-30T06:05:41.534',5,9,'B',2571.81,1),(20850,'2018-07-30T06:05:41.535',2,6,'B',8931.27,3),(20851,'2018-07-30T06:05:41.535',3,11,'B',6343.87,67),(20852,'2018-07-30T06:05:41.537',1,9,'B',2601.05,1),(20853,'2018-07-30T06:05:41.566',4,8,'B',3150.74,58),(20854,'2018-07-30T06:05:41.566',1,5,'S',1159.52,22),(20855,'2018-07-30T06:05:41.584',5,2,'B',5760.91,15),(20856,'2018-07-30T06:05:41.598',4,3,'B',513.08,4),(20857,'2018-07-30T06:05:41.598',4,11,'S',6276.51,174),(20858,'2018-07-30T06:05:41.598',2,10,'B',10537.86,18),(20859,'2018-07-30T06:05:41.617',5,1,'S',3034.07,35),(20860,'2018-07-30T06:05:41.617',2,8,'S',3121.68,3),(20861,'2018-07-30T06:05:41.617',2,10,'S',10434.21,26),(20862,'2018-07-30T06:05:41.623',1,5,'B',1167.50,64),(20863,'2018-07-30T06:05:41.623',5,4,'S',7353.88,784),(20864,'2018-07-30T06:05:41.624',4,11,'B',6325.00,54),(20865,'2018-07-30T06:05:41.626',3,1,'B',3059.40,2),(20866,'2018-07-30T06:05:41.626',2,9,'B',2626.77,30),(20867,'2018-07-30T06:05:41.626',5,12,'S',1752.48,4),(20868,'2018-07-30T06:05:41.626',2,2,'B',5787.07,4),(20869,'2018-07-30T06:05:41.626',5,6,'B',9015.33,1),(20870,'2018-07-30T06:05:41.626',2,3,'S',505.87,105),(20871,'2018-07-30T06:05:41.626',4,3,'B',513.68,100),(20872,'2018-07-30T06:05:41.626',3,3,'S',518.69,91),(20873,'2018-07-30T06:05:41.626',2,3,'S',516.59,42),(20874,'2018-07-30T06:05:41.626',3,4,'B',7400.77,24),(20875,'2018-07-30T06:05:41.626',2,9,'S',2600.78,2),(20876,'2018-07-30T06:05:41.630',3,6,'B',9104.02,21),(20877,'2018-07-30T06:05:41.651',2,5,'S',1145.06,129),(20878,'2018-07-30T06:05:41.651',4,12,'B',1773.38,119),(20879,'2018-07-30T06:05:41.651',2,5,'S',1137.86,56),(20880,'2018-07-30T06:05:41.651',2,9,'S',2571.92,32),(20881,'2018-07-30T06:05:41.668',4,5,'B',1151.92,59),(20882,'2018-07-30T06:05:42.042',3,5,'B',1166.37,63),(20883,'2018-07-30T06:05:42.065',1,4,'B',7470.09,117),(20884,'2018-07-30T06:05:42.065',4,4,'S',7392.47,355),(20885,'2018-07-30T06:05:42.066',5,7,'B',3873.41,33),(20886,'2018-07-30T06:05:42.068',1,8,'S',3097.31,7),(20887,'2018-07-30T06:05:42.068',5,2,'B',5806.50,296),(20888,'2018-07-30T06:05:42.096',5,1,'B',3088.62,1),(20889,'2018-07-30T06:05:42.096',2,6,'S',9011.20,76),(20890,'2018-07-30T06:05:42.096',3,4,'S',7306.91,2),(20891,'2018-07-30T06:05:42.096',5,8,'S',3062.87,115),(20892,'2018-07-30T06:05:45.261',3,6,'B',9102.82,1),(20893,'2018-07-30T06:05:45.261',2,1,'S',3064.05,340),(20894,'2018-07-30T06:05:45.268',2,1,'B',3099.67,7),(20895,'2018-07-30T06:05:45.268',4,1,'B',3130.17,11),(20896,'2018-07-30T06:05:45.268',3,8,'B',3089.20,34),(20897,'2018-07-30T06:05:45.268',4,3,'S',506.70,1),(20898,'2018-07-30T06:05:45.268',4,5,'B',1174.11,172),(20899,'2018-07-30T06:05:49.567',3,11,'S',6266.92,38),(20900,'2018-07-30T06:05:49.567',5,9,'B',2599.15,70),(20901,'2018-07-30T06:05:49.567',4,12,'B',1791.52,56),(20902,'2018-07-30T06:05:49.567',4,5,'B',1186.14,42),(20903,'2018-07-30T06:05:49.567',3,2,'B',5836.01,22),(20904,'2018-07-30T06:05:49.605',3,3,'B',513.39,18),(20905,'2018-07-30T06:05:49.628',3,11,'B',6337.16,591),(20906,'2018-07-30T06:05:49.633',5,10,'S',10320.80,152),(20907,'2018-07-30T06:05:49.637',5,7,'B',3921.14,4),(20908,'2018-07-30T06:05:49.638',2,12,'S',1780.13,7),(20909,'2018-07-30T06:05:49.661',1,9,'S',2572.15,2),(20910,'2018-07-30T06:05:49.674',5,4,'B',7373.69,1),(20911,'2018-07-30T06:05:49.674',2,9,'S',2542.90,450),(20912,'2018-07-30T06:05:49.674',4,11,'S',6271.31,30),(20913,'2018-07-30T06:05:49.674',3,7,'S',3891.09,35),(20914,'2018-07-30T06:05:49.674',1,10,'S',10222.77,13),(20915,'2018-07-30T06:05:49.675',3,12,'B',1784.26,204),(20916,'2018-07-30T06:05:49.693',3,3,'S',505.36,11),(20917,'2018-07-30T06:05:49.695',3,5,'S',1170.15,58),(20918,'2018-07-30T06:05:49.695',1,3,'S',499.52,182),(20919,'2018-07-30T06:05:58.561',4,10,'B',10311.63,2),(20920,'2018-07-30T06:05:58.697',5,8,'S',3045.11,1),(20921,'2018-07-30T06:05:58.698',4,3,'S',493.85,16),(20922,'2018-07-30T06:05:58.698',5,8,'S',3004.95,17),(20923,'2018-07-30T06:05:58.850',4,9,'B',2569.89,12),(20924,'2018-07-30T06:05:58.850',2,4,'S',7284.23,82),(20925,'2018-07-30T06:05:58.850',1,7,'B',3934.48,495),(20926,'2018-07-30T06:05:58.888',3,11,'B',6343.83,198),(20927,'2018-07-30T06:05:58.888',3,8,'S',2973.27,11),(20928,'2018-07-30T06:05:58.888',5,11,'S',6280.93,34),(20929,'2018-07-30T06:05:58.888',2,12,'B',1791.81,50),(20930,'2018-07-30T06:05:58.890',3,12,'B',1810.00,10),(20931,'2018-07-30T06:05:58.890',4,4,'S',7217.48,342),(20932,'2018-07-30T06:05:58.891',2,2,'B',5864.20,39),(20933,'2018-07-30T06:05:58.891',2,7,'B',3988.51,999),(20934,'2018-07-30T06:05:58.891',2,12,'B',1820.58,310),(20935,'2018-07-30T06:05:58.891',3,8,'S',2931.91,5),(20936,'2018-07-30T06:05:58.891',1,7,'B',4038.50,119),(20937,'2018-07-30T06:05:58.891',1,1,'S',3103.07,80),(20938,'2018-07-30T06:05:58.891',2,8,'B',2952.03,90),(20939,'2018-07-30T06:05:58.891',3,12,'S',1798.63,63),(20940,'2018-07-30T06:05:58.894',1,4,'S',7147.03,384),(20941,'2018-07-30T06:05:58.895',4,4,'B',7197.13,3),(20942,'2018-07-30T06:05:59.003',1,5,'S',1157.31,5),(20943,'2018-07-30T06:05:59.015',1,12,'B',1811.20,8),(20944,'2018-07-30T06:05:59.015',3,9,'B',2594.19,391),(20945,'2018-07-30T06:05:59.017',5,12,'B',1822.89,74),(20946,'2018-07-30T06:05:59.017',3,3,'S',487.15,10),(20947,'2018-07-30T06:06:00.072',3,11,'S',6221.77,78),(20948,'2018-07-30T06:06:00.128',5,2,'B',5888.26,1),(20949,'2018-07-30T06:06:00.131',1,2,'S',5800.41,130),(20950,'2018-07-30T06:06:00.203',2,4,'S',7122.06,11),(20951,'2018-07-30T06:06:00.206',5,2,'B',5818.14,454),(20952,'2018-07-30T06:06:00.206',3,11,'S',6168.13,14),(20953,'2018-07-30T06:06:00.226',1,1,'S',3071.89,33),(20954,'2018-07-30T06:06:00.232',4,9,'S',2566.81,48),(20955,'2018-07-30T06:06:00.236',5,3,'S',488.58,293),(20956,'2018-07-30T06:06:00.236',5,9,'S',2533.23,811),(20957,'2018-07-30T06:06:02.042',3,1,'B',3106.21,1),(20958,'2018-07-30T06:06:02.043',2,10,'B',10404.71,155),(20959,'2018-07-30T06:06:02.043',5,2,'B',5840.34,1),(20960,'2018-07-30T06:06:02.043',3,4,'S',7041.79,1),(20961,'2018-07-30T06:06:02.044',3,2,'B',5868.34,138),(20962,'2018-07-30T06:06:02.046',4,11,'B',6229.15,332),(20963,'2018-07-30T06:06:02.047',4,4,'S',6983.25,449),(20964,'2018-07-30T06:06:02.049',5,8,'S',2911.83,833),(20965,'2018-07-30T06:06:02.049',4,5,'B',1166.06,91),(20966,'2018-07-30T06:06:02.049',4,2,'B',5888.72,111),(20967,'2018-07-30T06:06:02.050',4,3,'S',483.59,14),(20968,'2018-07-30T06:06:02.050',2,9,'B',2555.06,69),(20969,'2018-07-30T06:06:02.050',2,3,'B',485.75,32),(20970,'2018-07-30T06:06:02.050',2,3,'S',486.43,230),(20971,'2018-07-30T06:06:02.066',4,7,'S',4005.09,837),(20972,'2018-07-30T06:06:02.066',3,6,'B',9200.70,9),(20973,'2018-07-30T06:06:02.066',3,1,'S',3071.61,400),(20974,'2018-07-30T06:06:02.066',3,4,'S',6912.49,8),(20975,'2018-07-30T06:06:02.066',4,1,'B',3102.25,2),(20976,'2018-07-30T06:06:02.066',3,12,'B',1840.16,142),(20977,'2018-07-30T06:06:02.066',3,5,'B',1174.80,290),(20978,'2018-07-30T06:06:02.066',3,7,'B',4056.80,23),(20979,'2018-07-30T06:06:02.067',4,12,'B',1847.90,44),(20980,'2018-07-30T06:06:02.069',1,11,'B',6282.72,267),(20981,'2018-07-30T06:06:02.070',4,8,'S',2876.24,168),(20982,'2018-07-30T06:06:02.070',2,4,'B',6976.95,33),(20983,'2018-07-30T06:06:02.077',3,6,'S',9109.47,131),(20984,'2018-07-30T06:06:02.077',2,7,'S',4034.67,474),(20985,'2018-07-30T06:06:02.079',4,1,'S',3069.80,231),(20986,'2018-07-30T06:06:02.079',4,8,'S',2833.83,360),(20987,'2018-07-30T06:06:02.079',4,6,'B',9205.88,1),(20988,'2018-07-30T06:06:02.079',1,7,'S',4003.19,6),(20989,'2018-07-30T06:06:02.079',1,6,'S',9117.73,30),(20990,'2018-07-30T06:06:02.079',5,5,'S',1164.57,60),(20991,'2018-07-30T06:06:02.095',4,10,'S',10290.49,20),(20992,'2018-07-30T06:06:02.101',3,3,'B',495.75,10),(20993,'2018-07-30T06:06:02.101',2,8,'S',2796.79,24),(20994,'2018-07-30T06:06:02.101',2,1,'S',3038.96,27),(20995,'2018-07-30T06:06:02.101',3,11,'S',6209.91,117),(20996,'2018-07-30T06:06:02.102',4,2,'S',5803.47,119),(20997,'2018-07-30T06:06:02.102',1,10,'S',10181.29,2),(20998,'2018-07-30T06:06:02.102',1,4,'S',6905.89,453),(20999,'2018-07-30T06:06:02.102',5,3,'S',486.41,4),(21000,'2018-07-30T06:06:02.203',1,4,'S',6841.06,274),(21001,'2018-07-30T06:06:02.205',4,1,'B',3071.52,856),(21002,'2018-07-30T06:06:02.205',1,3,'B',487.79,1),(21003,'2018-07-30T06:06:02.205',3,12,'S',1821.94,12),(21004,'2018-07-30T06:06:02.205',4,2,'B',5821.38,1),(21005,'2018-07-30T06:06:02.206',1,5,'S',1145.12,8),(21006,'2018-07-30T06:06:02.206',1,5,'B',1154.70,24),(21007,'2018-07-30T06:06:02.210',1,4,'B',6903.31,1),(21008,'2018-07-30T06:06:02.400',3,11,'S',6149.72,675),(21009,'2018-07-30T06:06:02.409',3,1,'S',3047.16,9),(21010,'2018-07-30T06:06:02.413',5,11,'B',6216.05,5),(21011,'2018-07-30T06:06:02.453',1,12,'B',1838.60,1),(21012,'2018-07-30T06:06:02.457',3,5,'B',1168.59,18),(21013,'2018-07-30T06:06:02.457',1,11,'S',6152.45,16),(21014,'2018-07-30T06:06:02.460',1,9,'S',2527.15,49),(21015,'2018-07-30T06:06:02.460',5,1,'S',3019.02,229),(21016,'2018-07-30T06:06:02.460',1,5,'B',1178.56,378),(21017,'2018-07-30T06:06:02.462',5,3,'B',490.83,22),(21018,'2018-07-30T06:06:29.956',3,5,'B',1192.24,5),(21019,'2018-07-30T06:06:29.956',4,2,'S',5728.56,33),(21020,'2018-07-30T06:06:29.957',1,3,'B',497.65,61),(21021,'2018-07-30T06:06:29.957',1,10,'B',10272.35,1),(21022,'2018-07-30T06:06:29.957',5,9,'S',2503.65,15),(21023,'2018-07-30T06:06:29.957',4,6,'B',9215.13,873),(21024,'2018-07-30T06:06:29.957',4,6,'B',9306.30,176),(21025,'2018-07-30T06:06:29.957',4,10,'B',10347.72,1),(21026,'2018-07-30T06:06:29.957',2,3,'S',487.73,8),(21027,'2018-07-30T06:06:29.958',3,12,'S',1815.42,10),(21028,'2018-07-30T06:06:29.958',1,2,'S',5638.71,1),(21029,'2018-07-30T06:06:29.958',1,11,'B',6223.91,1),(21030,'2018-07-30T06:06:30.016',1,11,'S',6167.65,2),(21031,'2018-07-30T06:06:30.017',1,3,'S',486.47,507),(21032,'2018-07-30T06:06:30.018',4,7,'S',3973.74,10),(21033,'2018-07-30T06:06:30.029',1,12,'S',1789.06,21),(21034,'2018-07-30T06:06:30.071',5,9,'B',2527.00,15),(21035,'2018-07-30T06:06:30.071',4,11,'S',6106.25,188),(21036,'2018-07-30T06:06:30.071',2,10,'S',10237.38,916),(21037,'2018-07-30T06:06:30.074',4,12,'S',1774.73,444),(21038,'2018-07-30T06:06:58.159',4,12,'S',1767.22,36),(21039,'2018-07-30T06:06:58.159',3,10,'B',10325.24,360),(21040,'2018-07-30T06:06:58.159',2,1,'S',2988.24,4),(21041,'2018-07-30T06:06:58.159',3,7,'B',4030.88,108),(21042,'2018-07-30T06:06:58.163',2,6,'S',9204.80,457),(21043,'2018-07-30T06:06:58.429',5,8,'B',2828.09,2),(21044,'2018-07-30T06:06:58.430',4,5,'S',1182.94,758),(21045,'2018-07-30T06:06:58.430',4,5,'B',1190.39,75),(21046,'2018-07-30T06:06:58.430',2,11,'S',6045.85,17),(21047,'2018-07-30T06:06:58.431',1,6,'B',9302.92,186),(21048,'2018-07-30T06:06:58.634',3,7,'B',4077.44,1),(21049,'2018-07-30T06:06:58.635',4,4,'S',6843.46,14),(21050,'2018-07-30T06:06:58.635',1,1,'B',3015.72,5),(21051,'2018-07-30T06:06:58.635',4,10,'B',10422.65,4),(21052,'2018-07-30T06:06:58.635',5,5,'S',1180.90,2),(21053,'2018-07-30T06:06:58.635',3,4,'B',6913.46,785),(21054,'2018-07-30T06:06:58.635',5,7,'B',4137.54,10),(21055,'2018-07-30T06:06:58.635',5,7,'S',4113.79,580),(21056,'2018-07-30T06:06:58.635',2,12,'S',1729.48,29),(21057,'2018-07-30T06:06:58.635',2,11,'S',5990.69,42),(21058,'2018-07-30T06:06:58.635',4,4,'S',6838.70,74),(21059,'2018-07-30T06:06:58.635',5,6,'S',9221.91,32),(21060,'2018-07-30T06:06:58.636',2,11,'S',5923.46,396),(21061,'2018-07-30T06:06:58.636',4,1,'S',2986.71,248),(21062,'2018-07-30T06:06:58.636',2,10,'S',10313.39,994),(21063,'2018-07-30T06:06:58.638',4,10,'S',10207.27,126),(21064,'2018-07-30T06:06:58.638',2,11,'B',5983.33,32),(21065,'2018-07-30T06:06:58.638',3,8,'S',2793.61,3),(21066,'2018-07-30T06:06:58.638',4,9,'B',2547.95,372),(21067,'2018-07-30T06:06:58.694',2,12,'S',1713.76,1),(21068,'2018-07-30T06:06:58.696',4,10,'B',10300.67,3),(21069,'2018-07-30T06:06:58.704',3,6,'B',9312.40,66),(21070,'2018-07-30T06:06:58.719',1,7,'S',4088.21,282),(21071,'2018-07-30T06:06:58.719',2,12,'S',1690.26,88),(21072,'2018-07-30T06:06:58.720',4,2,'S',5548.75,648),(21073,'2018-07-30T06:06:58.721',1,6,'S',9211.31,794),(21074,'2018-07-30T06:06:58.721',1,8,'B',2821.68,936),(21075,'2018-07-30T06:06:58.721',2,3,'B',491.21,395),(21076,'2018-07-30T06:06:58.721',1,4,'S',6767.21,1),(21077,'2018-07-30T06:06:58.728',1,10,'S',10184.34,1),(21078,'2018-07-30T06:06:58.728',1,11,'S',5924.24,858),(21079,'2018-07-30T06:06:59.345',4,2,'B',5569.34,166),(21080,'2018-07-30T06:06:59.346',4,9,'S',2518.29,105),(21081,'2018-07-30T06:06:59.346',4,10,'B',10287.41,18),(21082,'2018-07-30T06:06:59.346',5,12,'B',1691.21,1),(21083,'2018-07-30T06:06:59.346',3,10,'B',10390.25,5),(21084,'2018-07-30T06:06:59.346',4,5,'B',1190.97,240),(21085,'2018-07-30T06:06:59.346',5,11,'S',5868.71,79),(21086,'2018-07-30T06:06:59.346',1,4,'S',6708.61,9),(21087,'2018-07-30T06:06:59.347',5,11,'S',5809.85,17),(21088,'2018-07-30T06:06:59.347',2,6,'S',9119.88,2),(21089,'2018-07-30T06:06:59.347',4,6,'S',9017.64,3),(21090,'2018-07-30T06:07:00.224',2,1,'B',3017.78,502),(21091,'2018-07-30T06:07:00.224',5,6,'B',9105.41,4),(21092,'2018-07-30T06:07:00.224',5,6,'S',9017.45,2),(21093,'2018-07-30T06:07:00.225',1,3,'S',486.07,4),(21094,'2018-07-30T06:07:04.871',2,5,'B',1201.34,2),(21095,'2018-07-30T06:07:04.871',5,9,'B',2540.92,37),(21096,'2018-07-30T06:07:04.871',5,8,'B',2840.73,956),(21097,'2018-07-30T06:07:04.875',2,6,'B',9093.94,53),(21098,'2018-07-30T06:07:04.875',5,10,'S',10274.75,4),(21099,'2018-07-30T06:07:04.875',3,3,'S',486.57,1),(21100,'2018-07-30T06:07:04.875',4,4,'S',6643.97,8),(21101,'2018-07-30T06:07:04.875',5,9,'B',2565.73,108),(21102,'2018-07-30T06:07:04.875',1,12,'B',1711.12,31),(21103,'2018-07-30T06:07:04.875',3,3,'S',480.28,113),(21104,'2018-07-30T06:07:04.876',2,1,'S',2984.45,223),(21105,'2018-07-30T06:07:04.876',1,2,'S',5483.54,724),(21106,'2018-07-30T06:07:04.876',1,11,'S',5757.06,920),(21107,'2018-07-30T06:07:04.877',5,8,'S',2804.00,1),(21108,'2018-07-30T06:07:04.877',1,11,'B',5810.41,48),(21109,'2018-07-30T06:07:04.877',2,3,'B',488.37,1),(21110,'2018-07-30T06:07:04.877',5,9,'S',2540.32,4),(21111,'2018-07-30T06:07:04.877',5,7,'B',4136.55,9),(21112,'2018-07-30T06:07:04.914',4,3,'S',483.69,168),(21113,'2018-07-30T06:07:04.914',3,5,'S',1183.78,734),(21114,'2018-07-30T06:07:04.926',2,11,'B',5877.75,971),(21115,'2018-07-30T06:07:04.926',5,11,'B',5931.89,106),(21116,'2018-07-30T06:07:04.927',4,6,'S',9007.60,7),(21117,'2018-07-30T06:07:04.927',4,9,'B',2562.03,26),(21118,'2018-07-30T06:07:04.951',3,9,'B',2588.36,2),(21119,'2018-07-30T06:07:04.983',1,8,'B',2827.16,6),(21120,'2018-07-30T06:07:05.099',2,11,'S',5868.10,2),(21121,'2018-07-30T06:07:06.218',3,8,'S',2791.22,317),(21122,'2018-07-30T06:07:06.231',5,10,'S',10160.08,1),(21123,'2018-07-30T06:07:06.231',3,7,'S',4107.39,81),(21124,'2018-07-30T06:07:06.231',2,12,'S',1691.96,3),(21125,'2018-07-30T06:07:06.291',1,7,'B',4161.34,172),(21126,'2018-07-30T06:07:06.291',4,8,'B',2812.00,2),(21127,'2018-07-30T06:07:06.291',2,8,'S',2780.15,363),(21128,'2018-07-30T06:07:06.291',5,2,'S',5396.58,773),(21129,'2018-07-30T06:07:06.306',5,3,'S',485.97,215),(21130,'2018-07-30T06:07:06.306',1,10,'B',10252.57,1),(21131,'2018-07-30T06:07:06.327',1,2,'B',5414.09,116),(21132,'2018-07-30T06:07:06.327',3,2,'S',5339.02,116),(21133,'2018-07-30T06:07:06.331',2,7,'B',4211.21,11),(21134,'2018-07-30T06:07:06.331',2,9,'S',2562.31,125),(21135,'2018-07-30T06:07:06.331',1,7,'S',4178.23,89),(21136,'2018-07-30T06:07:06.331',3,7,'B',4225.54,1),(21137,'2018-07-30T06:07:06.331',3,8,'S',2743.14,15),(21138,'2018-07-30T06:07:06.336',1,8,'B',2764.08,1),(21139,'2018-07-30T06:07:06.336',1,2,'S',5250.34,9),(21140,'2018-07-30T06:07:06.340',5,12,'B',1702.26,339),(21141,'2018-07-30T06:07:06.340',3,2,'B',5260.47,1),(21142,'2018-07-30T06:07:06.344',2,3,'B',490.67,1),(21143,'2018-07-30T06:07:06.344',4,8,'S',2735.10,529),(21144,'2018-07-30T06:07:06.344',5,7,'B',4277.34,554),(21145,'2018-07-30T06:07:06.344',1,11,'B',5927.12,40),(21146,'2018-07-30T06:07:06.344',5,12,'S',1681.21,16),(21147,'2018-07-30T06:07:06.344',2,10,'B',10333.55,1),(21148,'2018-07-30T06:07:06.344',4,1,'S',2958.92,51),(21149,'2018-07-30T06:07:06.346',1,6,'B',9113.67,35),(21150,'2018-07-30T06:07:06.346',2,1,'B',2989.36,208),(21151,'2018-07-30T06:07:06.349',1,3,'B',498.51,61),(21152,'2018-07-30T06:07:06.349',1,9,'S',2540.26,4),(21153,'2018-07-30T06:07:07.867',3,3,'B',502.66,1),(21154,'2018-07-30T06:07:07.868',3,10,'S',10236.82,771),(21155,'2018-07-30T06:07:07.868',1,6,'S',9018.45,619),(21156,'2018-07-30T06:07:07.869',2,11,'S',5869.05,28),(21157,'2018-07-30T06:07:07.869',3,4,'B',6707.96,23),(21158,'2018-07-30T06:07:07.869',1,7,'B',4325.28,83),(21159,'2018-07-30T06:07:07.874',4,7,'S',4298.15,4),(21160,'2018-07-30T06:07:07.874',3,4,'B',6757.00,17),(21161,'2018-07-30T06:07:07.874',5,9,'S',2512.53,226),(21162,'2018-07-30T06:07:07.874',5,7,'B',4353.26,79),(21163,'2018-07-30T06:07:07.874',1,11,'B',5931.31,102),(21164,'2018-07-30T06:07:07.874',3,3,'S',497.78,2),(21165,'2018-07-30T06:07:07.874',1,9,'S',2483.11,353),(21166,'2018-07-30T06:07:07.874',1,11,'B',5988.28,1),(21167,'2018-07-30T06:07:07.874',3,8,'B',2754.52,9),(21168,'2018-07-30T06:07:07.902',2,6,'B',9130.86,241),(21169,'2018-07-30T06:07:07.906',5,8,'B',2778.68,3),(21170,'2018-07-30T06:07:07.906',3,12,'B',1688.75,2),(21171,'2018-07-30T06:07:08.008',3,1,'S',2964.86,481),(21172,'2018-07-30T06:07:14.346',5,10,'S',10107.86,298),(21173,'2018-07-30T06:07:14.346',3,7,'B',4407.60,5),(21174,'2018-07-30T06:07:14.358',4,11,'B',6041.49,67),(21175,'2018-07-30T06:07:14.358',4,10,'S',9987.15,580),(21176,'2018-07-30T06:07:14.361',5,1,'S',2938.28,106),(21177,'2018-07-30T06:07:14.361',4,3,'S',494.57,301),(21178,'2018-07-30T06:07:14.396',3,3,'S',495.84,10),(21179,'2018-07-30T06:07:14.397',3,7,'S',4381.38,10),(21180,'2018-07-30T06:07:14.450',2,11,'B',6107.12,422),(21181,'2018-07-30T06:07:14.450',1,9,'S',2459.35,5),(21182,'2018-07-30T06:07:14.450',3,11,'S',6051.04,1),(21183,'2018-07-30T06:07:14.454',4,8,'S',2741.78,2),(21184,'2018-07-30T06:07:14.455',4,4,'S',6685.81,1),(21185,'2018-07-30T06:07:14.455',4,7,'S',4350.91,178),(21186,'2018-07-30T06:07:14.458',2,5,'B',1194.48,483),(21187,'2018-07-30T06:07:14.549',5,6,'B',9220.05,2),(21188,'2018-07-30T06:07:14.549',1,6,'S',9131.80,208),(21189,'2018-07-30T06:07:14.999',2,3,'S',493.34,1),(21190,'2018-07-30T06:07:15',5,5,'B',1209.71,3),(21191,'2018-07-30T06:07:15',4,9,'B',2481.16,156),(21192,'2018-07-30T06:07:15',3,11,'B',6118.38,25),(21193,'2018-07-30T06:07:15.001',4,9,'S',2462.68,961),(21194,'2018-07-30T06:07:15.006',5,3,'S',491.65,102),(21195,'2018-07-30T06:07:15.006',4,4,'S',6607.26,499),(21196,'2018-07-30T06:07:15.007',5,9,'S',2445.53,4),(21197,'2018-07-30T06:07:15.007',2,12,'B',1708.66,185),(21198,'2018-07-30T06:07:15.007',3,11,'S',6056.38,176),(21199,'2018-07-30T06:07:15.007',3,11,'B',6105.04,1),(21200,'2018-07-30T06:07:15.007',2,7,'S',4317.92,21),(21201,'2018-07-30T06:07:15.010',2,8,'B',2769.30,184),(21202,'2018-07-30T06:07:15.021',3,1,'S',2904.76,92),(21203,'2018-07-30T06:07:15.021',1,7,'S',4283.36,780),(21204,'2018-07-30T06:07:15.021',2,3,'B',499.24,119),(21205,'2018-07-30T06:07:15.021',2,12,'S',1681.57,27),(21206,'2018-07-30T06:07:15.021',1,12,'B',1695.39,632),(21207,'2018-07-30T06:07:15.450',3,4,'B',6661.34,20),(21208,'2018-07-30T06:07:15.450',3,10,'S',9876.59,161),(21209,'2018-07-30T06:07:15.450',5,9,'S',2421.08,29),(21210,'2018-07-30T06:07:15.916',2,1,'S',2873.86,1),(21211,'2018-07-30T06:07:15.916',3,10,'B',9964.33,527),(21212,'2018-07-30T06:07:15.916',4,2,'B',5274.81,452),(21213,'2018-07-30T06:07:15.916',5,4,'B',6729.27,2),(21214,'2018-07-30T06:07:15.916',1,3,'S',495.16,640),(21215,'2018-07-30T06:07:15.918',3,5,'B',1220.94,5),(21216,'2018-07-30T06:07:15.959',5,1,'S',2847.29,241),(21217,'2018-07-30T06:07:15.964',2,9,'B',2451.55,1),(21218,'2018-07-30T06:07:15.964',3,1,'B',2871.73,68),(21219,'2018-07-30T06:07:16.021',4,4,'B',6771.72,4),(21220,'2018-07-30T06:07:16.021',1,6,'B',9221.10,2),(21221,'2018-07-30T06:07:16.022',3,2,'B',5297.17,11),(21222,'2018-07-30T06:07:16.022',2,9,'B',2479.65,3),(21223,'2018-07-30T06:07:16.022',5,4,'B',6807.35,21),(21224,'2018-07-30T06:07:16.022',5,6,'B',9312.04,866),(21225,'2018-07-30T06:07:16.022',1,10,'S',9854.20,967),(21226,'2018-07-30T06:07:16.022',5,12,'B',1701.43,26),(21227,'2018-07-30T06:07:16.030',3,10,'S',9749.90,11),(21228,'2018-07-30T06:07:16.032',4,5,'S',1208.50,111),(21229,'2018-07-30T06:07:16.102',3,2,'S',5210.50,10),(21230,'2018-07-30T06:07:16.102',2,3,'S',491.67,121),(21231,'2018-07-30T06:07:16.102',4,3,'S',489.24,3),(21232,'2018-07-30T06:07:16.102',5,11,'B',6164.09,43),(21233,'2018-07-30T06:07:16.102',2,10,'S',9644.48,10),(21234,'2018-07-30T06:07:16.102',3,7,'S',4252.10,2),(21235,'2018-07-30T06:07:16.102',2,6,'S',9222.01,1),(21236,'2018-07-30T06:07:16.102',3,11,'S',6102.69,507),(21237,'2018-07-30T06:07:16.108',1,4,'B',6880.41,113),(21238,'2018-07-30T06:07:16.108',5,12,'B',1713.54,14),(21239,'2018-07-30T06:07:16.108',5,7,'S',4222.64,90),(21240,'2018-07-30T06:07:16.108',3,3,'S',483.37,1),(21241,'2018-07-30T06:07:16.108',3,6,'B',9305.08,28),(21242,'2018-07-30T06:07:16.108',3,5,'S',1193.53,10),(21243,'2018-07-30T06:07:16.108',5,3,'S',477.18,49),(21244,'2018-07-30T06:07:16.108',5,7,'S',4185.12,92),(21245,'2018-07-30T06:07:16.108',5,6,'B',9402.05,15),(21246,'2018-07-30T06:07:16.126',3,6,'S',9309.74,24),(21247,'2018-07-30T06:07:16.126',1,9,'S',2453.35,918),(21248,'2018-07-30T06:07:16.126',5,5,'S',1178.92,3),(21249,'2018-07-30T06:07:16.126',5,11,'S',6050.82,26),(21250,'2018-07-30T06:07:16.126',4,10,'B',9743.88,10),(21251,'2018-07-30T06:07:16.128',4,8,'S',2733.33,1),(21252,'2018-07-30T06:07:16.129',3,10,'S',9637.24,2),(21253,'2018-07-30T06:07:16.129',2,6,'S',9212.94,8),(21254,'2018-07-30T06:07:16.129',5,9,'B',2477.22,62),(21255,'2018-07-30T06:07:16.131',1,7,'B',4237.16,56),(21256,'2018-07-30T06:07:16.132',5,7,'S',4209.94,1),(21257,'2018-07-30T06:07:16.141',2,7,'B',4265.30,1),(21258,'2018-07-30T06:07:16.141',2,12,'B',1728.69,389),(21259,'2018-07-30T06:07:16.196',4,3,'S',473.06,4),(21260,'2018-07-30T06:07:16.196',4,2,'S',5125.34,295),(21261,'2018-07-30T06:07:16.197',2,9,'S',2450.70,14),(21262,'2018-07-30T06:07:16.197',2,9,'B',2477.45,25),(21263,'2018-07-30T06:07:16.197',2,9,'B',2502.51,279),(21264,'2018-07-30T06:07:16.197',3,7,'B',4322.92,950),(21265,'2018-07-30T06:07:16.630',1,12,'S',1710.22,15),(21266,'2018-07-30T06:07:16.632',5,10,'B',9725.76,17),(21267,'2018-07-30T06:07:16.632',5,4,'S',6807.36,2),(21268,'2018-07-30T06:07:16.815',4,10,'S',9601.81,6),(21269,'2018-07-30T06:07:17.294',1,10,'B',9686.85,40),(21270,'2018-07-30T06:07:17.297',2,8,'S',2697.45,79),(21271,'2018-07-30T06:07:17.297',3,4,'B',6878.23,176),(21272,'2018-07-30T06:07:17.303',3,3,'B',483.35,285),(21273,'2018-07-30T06:07:17.303',1,10,'B',9764.54,6),(21274,'2018-07-30T06:07:17.304',2,11,'B',6110.76,34),(21275,'2018-07-30T06:07:17.305',5,1,'S',2839.19,106),(21276,'2018-07-30T06:07:17.305',4,2,'S',5042.74,98),(21277,'2018-07-30T06:07:17.312',2,3,'S',481.23,42),(21278,'2018-07-30T06:07:17.312',3,10,'B',9858.60,310),(21279,'2018-07-30T06:07:17.334',1,3,'S',476.40,23),(21280,'2018-07-30T06:07:17.334',1,4,'B',6939.99,33),(21281,'2018-07-30T06:07:17.335',3,5,'S',1167.86,11),(21282,'2018-07-30T06:07:17.335',4,8,'S',2666.04,1),(21283,'2018-07-30T06:07:17.338',1,11,'B',6173.88,71),(21284,'2018-07-30T06:07:17.338',1,2,'B',5060.94,623),(21285,'2018-07-30T06:07:17.339',1,3,'S',476.69,194),(21286,'2018-07-30T06:07:17.518',3,3,'S',468.81,607),(21287,'2018-07-30T06:07:17.518',3,8,'S',2644.30,66),(21288,'2018-07-30T06:07:17.520',1,12,'S',1679.57,295),(21289,'2018-07-30T06:07:17.520',4,11,'S',6113.95,21),(21290,'2018-07-30T06:07:17.521',5,7,'S',4289.66,1),(21291,'2018-07-30T06:07:17.521',5,2,'B',5075.57,565),(21292,'2018-07-30T06:07:17.522',3,2,'S',4989.98,16),(21293,'2018-07-30T06:07:17.522',4,1,'S',2814.36,828),(21294,'2018-07-30T06:07:17.523',5,2,'S',4910.04,13),(21295,'2018-07-30T06:07:17.528',1,2,'B',4927.04,3),(21296,'2018-07-30T06:07:17.538',1,4,'B',7000.58,838),(21297,'2018-07-30T06:07:17.538',4,5,'S',1153.01,627),(21298,'2018-07-30T06:07:17.538',2,12,'B',1693.16,1),(21299,'2018-07-30T06:07:17.539',4,9,'B',2524.08,178),(21300,'2018-07-30T06:07:17.539',1,12,'S',1671.15,88),(21301,'2018-07-30T06:07:17.541',1,12,'S',1651.11,56),(21302,'2018-07-30T06:07:17.541',2,6,'B',9296.37,235),(21303,'2018-07-30T06:07:17.543',2,8,'B',2650.56,80),(21304,'2018-07-30T06:07:17.543',4,9,'S',2502.40,19),(21305,'2018-07-30T06:07:17.543',1,12,'B',1661.26,16),(21306,'2018-07-30T06:07:17.545',4,12,'S',1638.60,6),(21307,'2018-07-30T06:07:17.545',5,7,'B',4327.35,107),(21308,'2018-07-30T06:07:17.545',2,4,'S',6940.90,50),(21309,'2018-07-30T06:07:17.545',2,10,'B',9940.52,1),(21310,'2018-07-30T06:07:17.545',5,2,'B',4941.60,7),(21311,'2018-07-30T06:07:17.584',4,5,'S',1143.78,6),(21312,'2018-07-30T06:07:17.584',5,11,'B',6183.77,104),(21313,'2018-07-30T06:07:17.584',4,1,'S',2784.47,44),(21314,'2018-07-30T06:07:17.584',2,9,'S',2483.33,2),(21315,'2018-07-30T06:07:17.584',5,7,'B',4380.71,1),(21316,'2018-07-30T06:07:17.585',2,9,'B',2511.05,71),(21317,'2018-07-30T06:07:17.585',1,11,'B',6245.07,232),(21318,'2018-07-30T06:07:17.597',1,10,'B',10013.96,307),(21319,'2018-07-30T06:07:17.602',1,9,'B',2538.27,8),(21320,'2018-07-30T06:07:17.602',1,3,'S',464.75,8),(21321,'2018-07-30T06:07:17.602',3,2,'S',4865.34,5),(21322,'2018-07-30T06:07:17.604',5,7,'B',4439.44,554),(21323,'2018-07-30T06:07:17.604',4,8,'S',2618.44,137),(21324,'2018-07-30T06:07:17.604',5,3,'S',461.97,14),(21325,'2018-07-30T06:07:17.659',3,11,'B',6306.73,201),(21326,'2018-07-30T06:07:17.659',4,7,'S',4406.17,1),(21327,'2018-07-30T06:07:17.659',3,7,'B',4461.94,3),(21328,'2018-07-30T06:07:17.659',5,8,'B',2641.27,377),(21329,'2018-07-30T06:07:17.661',2,10,'S',9908.68,1),(21330,'2018-07-30T06:07:17.661',3,1,'B',2815.49,1),(21331,'2018-07-30T06:07:17.661',5,12,'S',1609.01,65),(21332,'2018-07-30T06:07:17.661',4,8,'B',2661.18,57),(21333,'2018-07-30T06:07:17.661',4,3,'S',463.31,43),(21334,'2018-07-30T06:07:17.669',4,12,'B',1623.43,73),(21335,'2018-07-30T06:07:17.669',1,6,'B',9391.51,1),(21336,'2018-07-30T06:07:17.669',1,7,'S',4432.63,1),(21337,'2018-07-30T06:07:17.669',4,5,'S',1123.45,1),(21338,'2018-07-30T06:07:17.669',1,7,'B',4486.60,3),(21339,'2018-07-30T06:07:17.674',1,1,'S',2789.83,6),(21340,'2018-07-30T06:07:17.688',4,10,'S',9780.62,1),(21341,'2018-07-30T06:07:17.690',3,8,'B',2690.46,171),(21342,'2018-07-30T06:07:17.690',3,1,'S',2757.06,26),(21343,'2018-07-30T06:07:17.690',5,3,'B',474.25,94),(21344,'2018-07-30T06:07:17.690',2,5,'B',1132.56,454),(21345,'2018-07-30T06:07:17.691',2,10,'B',9884.85,53),(21346,'2018-07-30T06:07:17.691',1,1,'B',2782.02,9),(21347,'2018-07-30T06:07:17.691',3,10,'B',9980.44,2),(21348,'2018-07-30T06:07:17.691',1,12,'S',1607.76,30),(21349,'2018-07-30T06:07:17.691',3,10,'B',10053.92,18),(21350,'2018-07-30T06:07:17.691',3,9,'B',2562.09,703),(21351,'2018-07-30T06:07:17.691',4,10,'S',9938.42,46),(21352,'2018-07-30T06:07:17.691',1,4,'B',7011.60,13),(21353,'2018-07-30T06:07:17.691',2,8,'B',2706.11,4),(21354,'2018-07-30T06:07:17.691',5,6,'S',9294.84,57),(21355,'2018-07-30T06:07:17.692',4,11,'S',6248.88,2),(21356,'2018-07-30T06:07:17.692',3,9,'B',2582.67,2),(21357,'2018-07-30T06:07:17.692',4,5,'B',1139.21,5),(21358,'2018-07-30T06:07:17.713',2,12,'B',1625.02,23),(21359,'2018-07-30T06:07:17.713',2,6,'S',9197.94,1),(21360,'2018-07-30T06:07:17.714',1,2,'B',4884.44,48),(21361,'2018-07-30T06:07:17.714',3,9,'S',2554.65,5),(21362,'2018-07-30T06:07:17.714',2,7,'B',4532.64,377),(21363,'2018-07-30T06:07:17.714',4,10,'S',9818.85,4),(21364,'2018-07-30T06:07:17.714',5,3,'S',469.93,73),(21365,'2018-07-30T06:07:17.771',1,8,'B',2725.95,3),(21366,'2018-07-30T06:07:17.771',3,8,'B',2743.82,2),(21367,'2018-07-30T06:07:17.771',4,8,'S',2706.75,92),(21368,'2018-07-30T06:07:17.771',1,5,'B',1148.41,8),(21369,'2018-07-30T06:07:17.771',5,4,'B',7061.64,1),(21370,'2018-07-30T06:07:17.771',2,8,'S',2669.52,4),(21371,'2018-07-30T06:07:17.773',5,8,'S',2634.36,265),(21372,'2018-07-30T06:07:17.773',2,12,'B',1638.41,105),(21373,'2018-07-30T06:07:17.775',5,5,'S',1139.20,68),(21374,'2018-07-30T06:07:17.776',5,10,'S',9710.30,3),(21375,'2018-07-30T06:07:17.776',3,12,'S',1627.11,8),(21376,'2018-07-30T06:07:17.776',3,12,'S',1597.06,597),(21377,'2018-07-30T06:07:17.776',2,7,'B',4595.93,173),(21378,'2018-07-30T06:07:17.792',4,8,'B',2652.24,2),(21379,'2018-07-30T06:07:17.793',5,11,'B',6315.13,8),(21380,'2018-07-30T06:07:17.793',1,7,'S',4561.94,9),(21381,'2018-07-30T06:07:19.577',5,1,'S',2755.02,8),(21382,'2018-07-30T06:07:19.577',1,1,'S',2726.47,25),(21383,'2018-07-30T06:07:19.584',5,7,'S',4522.31,3),(21384,'2018-07-30T06:07:19.584',4,1,'B',2751.65,129),(21385,'2018-07-30T06:07:19.587',3,2,'B',4890.70,1),(21386,'2018-07-30T06:07:19.587',1,12,'B',1609.40,695),(21387,'2018-07-30T06:07:19.587',2,4,'S',6997.48,413),(21388,'2018-07-30T06:07:19.587',2,1,'B',2777.52,21),(21389,'2018-07-30T06:07:19.587',1,3,'S',466.15,11),(21390,'2018-07-30T06:07:19.587',1,9,'B',2579.38,52),(21391,'2018-07-30T06:07:19.587',5,5,'S',1129.49,68),(21392,'2018-07-30T06:07:19.587',1,5,'S',1119.32,566),(21393,'2018-07-30T06:07:19.588',4,1,'S',2751.13,3),(21394,'2018-07-30T06:07:19.614',4,1,'S',2718.41,506),(21395,'2018-07-30T06:07:19.614',1,6,'B',9278.11,18),(21396,'2018-07-30T06:07:19.614',4,4,'B',7054.87,47),(21397,'2018-07-30T06:07:19.619',4,6,'B',9345.71,3),(21398,'2018-07-30T06:07:19.619',3,1,'S',2691.87,7),(21399,'2018-07-30T06:07:19.619',4,2,'B',4902.07,4),(21400,'2018-07-30T06:07:19.619',2,3,'B',469.68,61),(21401,'2018-07-30T06:07:19.619',2,9,'B',2610.92,63),(21402,'2018-07-30T06:07:19.989',1,5,'B',1127.10,44),(21403,'2018-07-30T06:07:19.989',4,12,'S',1598.27,11),(21404,'2018-07-30T06:07:19.989',1,2,'B',4915.04,3),(21405,'2018-07-30T06:07:19.989',4,3,'B',481.81,1),(21406,'2018-07-30T06:07:19.989',3,12,'S',1572.45,7),(21407,'2018-07-30T06:07:19.989',4,6,'S',9240.81,1),(21408,'2018-07-30T06:07:19.992',4,4,'S',6973.66,120),(21409,'2018-07-30T06:07:19.992',5,8,'B',2671.65,507),(21410,'2018-07-30T06:07:19.992',3,11,'S',6256.41,510),(21411,'2018-07-30T06:07:19.992',2,5,'B',1129.55,6),(21412,'2018-07-30T06:07:19.992',4,11,'B',6318.94,343),(21413,'2018-07-30T06:07:19.997',2,2,'S',4826.87,85),(21414,'2018-07-30T06:07:19.997',5,9,'S',2583.78,407),(21415,'2018-07-30T06:07:19.997',3,5,'S',1115.07,26),(21416,'2018-07-30T06:07:19.997',5,7,'S',4486.22,2),(21417,'2018-07-30T06:07:19.997',1,9,'B',2617.06,570),(21418,'2018-07-30T06:07:19.999',1,7,'S',4450.75,15),(21419,'2018-07-30T06:07:19.999',2,2,'B',4836.41,124),(21420,'2018-07-30T06:07:20.001',4,11,'B',6379.56,7),(21421,'2018-07-30T06:07:20.001',3,8,'S',2631.49,7),(21422,'2018-07-30T06:07:20.003',5,4,'B',7032.41,99),(21423,'2018-07-30T06:07:20.003',5,11,'B',6436.95,12),(21424,'2018-07-30T06:07:20.003',3,9,'S',2585.85,36),(21425,'2018-07-30T06:07:20.008',2,9,'S',2555.47,557),(21426,'2018-07-30T06:07:20.321',1,2,'B',4846.99,848),(21427,'2018-07-30T06:07:20.321',1,5,'S',1100.86,22),(21428,'2018-07-30T06:07:20.322',5,11,'S',6379.63,9),(21429,'2018-07-30T06:07:52.843',5,2,'S',4772.34,455),(21430,'2018-07-30T06:07:52.849',1,1,'S',2663.87,284),(21431,'2018-07-30T06:07:52.851',3,9,'S',2530.11,1),(21432,'2018-07-30T06:07:52.851',5,3,'S',480.88,27),(21433,'2018-07-30T06:07:52.851',1,6,'S',9145.71,23),(21434,'2018-07-30T06:07:52.851',3,3,'B',488.88,308),(21435,'2018-07-30T06:07:52.851',3,12,'S',1554.32,608),(21436,'2018-07-30T06:07:52.852',5,5,'B',1109.25,8),(21437,'2018-07-30T06:07:52.867',5,7,'S',4417.64,27),(21438,'2018-07-30T06:07:52.867',5,1,'B',2688.11,6),(21439,'2018-07-30T06:07:52.867',4,9,'S',2510.31,841),(21440,'2018-07-30T06:07:52.867',1,1,'S',2661.30,30),(21441,'2018-07-30T06:07:52.867',5,11,'S',6328.20,3),(21442,'2018-07-30T06:07:52.875',3,5,'S',1090.33,106),(21443,'2018-07-30T06:07:52.876',2,7,'B',4474.72,13),(21444,'2018-07-30T06:07:52.876',3,5,'S',1074.28,1),(21445,'2018-07-30T06:07:52.876',5,1,'B',2685.34,783),(21446,'2018-07-30T06:07:52.876',2,6,'S',9046.94,13),(21447,'2018-07-30T06:07:52.876',2,3,'S',486.07,292),(21448,'2018-07-30T06:07:52.876',5,4,'S',6956.03,205),(21449,'2018-07-30T06:07:52.945',1,4,'S',6886.15,178),(21450,'2018-07-30T06:07:52.945',1,3,'S',478.63,2),(21451,'2018-07-30T06:07:52.956',3,10,'S',9596.14,118),(21452,'2018-07-30T06:07:52.956',1,1,'B',2718.37,1),(21453,'2018-07-30T06:07:52.956',5,9,'S',2473.99,61),(21454,'2018-07-30T06:07:52.957',4,9,'B',2499.19,3),(21455,'2018-07-30T06:07:52.958',2,1,'B',2745.42,29),(21456,'2018-07-30T06:07:52.958',4,12,'S',1534.85,51),(21457,'2018-07-30T06:07:52.958',2,12,'B',1532.67,201),(21458,'2018-07-30T06:07:52.958',2,11,'B',6390.44,18),(21459,'2018-07-30T06:07:52.965',1,6,'B',9137.36,2),(21460,'2018-07-30T06:07:52.966',5,1,'B',2773.25,526),(21461,'2018-07-30T06:07:52.966',1,4,'B',6942.91,313),(21462,'2018-07-30T06:07:52.966',3,12,'B',1549.35,20),(21463,'2018-07-30T06:07:52.966',5,12,'B',1548.33,95),(21464,'2018-07-30T06:07:52.966',1,10,'B',9680.27,411),(21465,'2018-07-30T06:07:52.966',3,11,'B',6464.63,11),(21466,'2018-07-30T06:09:35.312',5,10,'B',9771.71,37),(21467,'2018-07-30T06:09:35.312',4,3,'B',487.07,35),(21468,'2018-07-30T06:09:35.313',2,4,'S',6863.40,15),(21469,'2018-07-30T06:09:35.313',2,4,'B',6925.52,233),(21470,'2018-07-30T06:09:35.314',1,8,'S',2598.76,197),(21471,'2018-07-30T06:09:35.314',5,12,'S',1521.92,922),(21472,'2018-07-30T06:09:35.340',2,3,'B',494.16,49),(21473,'2018-07-30T06:09:35.429',5,10,'S',9651.95,4),(21474,'2018-07-30T06:09:35.442',2,3,'S',490.77,2),(21475,'2018-07-30T06:09:35.442',2,1,'S',2745.21,2),(21476,'2018-07-30T06:09:35.443',2,1,'B',2771.79,1),(21477,'2018-07-30T06:09:35.443',2,9,'S',2476.45,9),(21478,'2018-07-30T06:09:35.443',3,6,'S',9042.21,86),(21479,'2018-07-30T06:09:35.451',1,11,'B',6539.93,831),(21480,'2018-07-30T06:09:35.454',5,9,'S',2446.93,72),(21481,'2018-07-30T06:09:35.454',1,9,'B',2467.06,343),(21482,'2018-07-30T06:09:35.454',2,2,'S',4685.46,1),(21483,'2018-07-30T06:09:35.454',2,10,'B',9708.05,33),(21484,'2018-07-30T06:09:35.454',2,4,'S',6851.45,118),(21485,'2018-07-30T06:09:35.632',4,12,'B',1529.37,6),(21486,'2018-07-30T06:09:35.632',2,5,'B',1081.44,1),(21487,'2018-07-30T06:09:36.401',5,10,'S',9597.19,150),(21488,'2018-07-30T06:09:36.401',2,11,'B',6612.16,4),(21489,'2018-07-30T06:09:36.402',3,1,'B',2799.02,130),(21490,'2018-07-30T06:09:36.402',3,9,'B',2492.43,17),(21491,'2018-07-30T06:09:36.402',1,10,'S',9480.77,50),(21492,'2018-07-30T06:09:36.402',4,12,'B',1539.70,164),(21493,'2018-07-30T06:09:36.402',1,9,'B',2518.07,1),(21494,'2018-07-30T06:09:36.402',2,4,'S',6781.11,4),(21495,'2018-07-30T06:09:36.428',5,4,'B',6830.61,1),(21496,'2018-07-30T06:09:36.428',2,1,'S',2770.63,762),(21497,'2018-07-30T06:09:36.428',1,6,'B',9126.30,12),(21498,'2018-07-30T06:09:36.429',1,4,'S',6746.09,42),(21499,'2018-07-30T06:09:36.430',5,5,'B',1092.87,2),(21500,'2018-07-30T06:09:36.430',2,5,'B',1101.92,31),(21501,'2018-07-30T06:09:36.580',5,1,'B',2799.49,189),(21502,'2018-07-30T06:09:36.580',3,4,'B',6806.14,95),(21503,'2018-07-30T06:09:36.580',5,12,'S',1506.89,5),(21504,'2018-07-30T06:09:36.602',4,11,'S',6558.38,9),(21505,'2018-07-30T06:09:36.602',2,10,'B',9564.64,53),(21506,'2018-07-30T06:09:36.602',5,3,'S',492.18,8),(21507,'2018-07-30T06:09:36.602',5,3,'B',502.88,207),(21508,'2018-07-30T06:09:36.602',5,2,'S',4602.88,430),(21509,'2018-07-30T06:09:36.602',5,10,'S',9453.50,6),(21510,'2018-07-30T06:09:36.602',2,12,'S',1504.68,2),(21511,'2018-07-30T06:09:36.619',2,6,'B',9211.48,18),(21512,'2018-07-30T06:09:36.619',3,12,'S',1480.91,437),(21513,'2018-07-30T06:09:36.619',5,8,'B',2624.40,9),(21514,'2018-07-30T06:09:36.619',3,12,'S',1463.30,1),(21515,'2018-07-30T06:09:36.619',2,3,'S',501.76,1),(21516,'2018-07-30T06:09:36.747',1,5,'B',1109.70,3),(21517,'2018-07-30T06:09:36.747',1,10,'B',9534.49,21),(21518,'2018-07-30T06:09:36.747',2,2,'S',4526.44,355),(21519,'2018-07-30T06:09:36.747',5,1,'S',2767.39,251),(21520,'2018-07-30T06:09:36.792',5,6,'S',9123.18,242),(21521,'2018-07-30T06:09:36.834',1,8,'S',2586.03,2),(21522,'2018-07-30T06:09:36.834',3,11,'B',6634.13,59),(21523,'2018-07-30T06:09:36.834',5,9,'B',2543.84,1),(21524,'2018-07-30T06:09:36.834',1,8,'S',2554.58,6),(21525,'2018-07-30T06:09:36.834',4,7,'S',4448.75,12),(21526,'2018-07-30T06:09:36.834',4,10,'B',9627.25,915),(21527,'2018-07-30T06:09:36.834',1,4,'S',6723.24,177),(21528,'2018-07-30T06:09:36.838',5,4,'B',6785.84,4),(21529,'2018-07-30T06:09:36.855',1,9,'B',2573.70,25),(21530,'2018-07-30T06:09:36.855',3,7,'S',4413.95,7),(21531,'2018-07-30T06:09:36.855',3,10,'S',9527.53,213),(21532,'2018-07-30T06:09:36.859',3,6,'B',9217.17,810),(21533,'2018-07-30T06:09:36.859',3,12,'B',1470.87,15),(21534,'2018-07-30T06:09:36.864',4,2,'S',4449.20,16),(21535,'2018-07-30T06:09:36.865',1,8,'S',2514.16,1),(21536,'2018-07-30T06:09:36.866',4,6,'S',9123.33,372),(21537,'2018-07-30T06:09:36.869',2,4,'B',6839.64,49),(21538,'2018-07-30T06:09:36.869',4,9,'B',2596.36,9),(21539,'2018-07-30T06:09:36.869',4,7,'B',4477.84,766),(21540,'2018-07-30T06:09:36.869',2,1,'B',2799.29,985),(21541,'2018-07-30T06:09:36.869',1,6,'S',9018.86,3),(21542,'2018-07-30T06:09:36.871',3,2,'S',4371.16,85),(21543,'2018-07-30T06:09:36.872',5,9,'S',2573.28,21),(21544,'2018-07-30T06:09:36.872',4,12,'B',1478.87,191),(21545,'2018-07-30T06:09:36.872',4,3,'B',511.98,1),(21546,'2018-07-30T06:09:36.874',5,11,'B',6703.58,1),(21547,'2018-07-30T06:09:36.874',4,9,'S',2544.98,1),(21548,'2018-07-30T06:09:36.874',5,1,'S',2771.54,3),(21549,'2018-07-30T06:09:36.874',5,2,'B',4383.28,317),(21550,'2018-07-30T06:09:36.943',1,3,'B',516.70,4),(21551,'2018-07-30T06:09:36.943',5,11,'S',6636.45,2),(21552,'2018-07-30T06:09:36.943',5,12,'S',1465.05,223),(21553,'2018-07-30T06:09:36.943',1,1,'B',2796.46,48),(21554,'2018-07-30T06:09:36.943',2,8,'S',2477.03,61),(21555,'2018-07-30T06:09:36.943',4,9,'S',2516.48,12),(21556,'2018-07-30T06:09:36.954',1,11,'S',6573.45,1),(21557,'2018-07-30T06:09:36.969',3,7,'B',4536.16,35),(21558,'2018-07-30T06:09:37.026',3,5,'S',1091.13,6),(21559,'2018-07-30T06:09:37.026',5,12,'S',1448.35,160),(21560,'2018-07-30T06:09:37.026',5,7,'B',4594.23,1),(21561,'2018-07-30T06:09:37.027',2,4,'S',6763.36,19),(21562,'2018-07-30T06:09:37.028',5,8,'B',2498.05,243),(21563,'2018-07-30T06:09:37.028',5,8,'B',2516.03,6),(21564,'2018-07-30T06:09:37.028',3,2,'S',4303.68,60),(21565,'2018-07-30T06:09:37.077',5,8,'B',2543.09,18),(21566,'2018-07-30T06:09:37.081',4,2,'S',4233.12,233),(21567,'2018-07-30T06:09:37.081',4,11,'S',6503.36,5),(21568,'2018-07-30T06:09:37.082',5,1,'S',2767.98,3),(21569,'2018-07-30T06:09:37.102',3,3,'B',520.30,1),(21570,'2018-07-30T06:09:37.102',5,12,'B',1456.93,438),(21571,'2018-07-30T06:09:37.102',1,10,'S',9425.41,18),(21572,'2018-07-30T06:09:37.124',5,4,'S',6686.95,5),(21573,'2018-07-30T06:09:37.124',4,10,'S',9308.23,43),(21574,'2018-07-30T06:09:37.124',2,9,'S',2491.73,127),(21575,'2018-07-30T06:09:37.138',5,2,'B',4246.78,4),(21576,'2018-07-30T06:09:37.139',1,12,'B',1474.68,1),(21577,'2018-07-30T06:09:37.139',2,1,'B',2800.30,9),(21578,'2018-07-30T06:09:37.139',5,4,'S',6613.58,6),(21579,'2018-07-30T06:09:37.139',3,9,'S',2468.16,9),(21580,'2018-07-30T06:09:37.139',5,10,'S',9215.12,558),(21581,'2018-07-30T06:09:37.190',4,4,'S',6541.50,538),(21582,'2018-07-30T06:09:37.192',3,6,'B',9115.38,3),(21583,'2018-07-30T06:09:37.192',1,9,'S',2440.90,2),(21584,'2018-07-30T06:09:37.192',3,2,'S',4166.40,21),(21585,'2018-07-30T06:09:37.192',3,1,'S',2766.78,4),(21586,'2018-07-30T06:09:37.247',5,5,'S',1078.44,1),(21587,'2018-07-30T06:09:37.247',2,5,'B',1090.13,2),(21588,'2018-07-30T06:09:37.249',2,7,'S',4556.57,61),(21589,'2018-07-30T06:09:37.249',5,7,'S',4522.01,1),(21590,'2018-07-30T06:09:37.249',2,2,'B',4181.32,1),(21591,'2018-07-30T06:09:37.249',5,9,'S',2415.71,8),(21592,'2018-07-30T06:09:37.249',1,12,'S',1458.64,39),(21593,'2018-07-30T06:09:37.249',1,5,'S',1075.18,68),(21594,'2018-07-30T06:09:37.249',1,4,'B',6603.51,5),(21595,'2018-07-30T06:09:37.249',2,9,'S',2385.00,3),(21596,'2018-07-30T06:09:37.261',4,8,'S',2506.26,525),(21597,'2018-07-30T06:09:37.261',5,3,'S',512.97,31),(21598,'2018-07-30T06:09:37.261',3,8,'S',2475.03,351),(21599,'2018-07-30T06:09:37.261',2,6,'B',9206.50,1),(21600,'2018-07-30T06:09:37.261',4,1,'B',2792.94,181),(21601,'2018-07-30T06:09:37.263',3,9,'B',2410.51,1),(21602,'2018-07-30T06:09:37.268',2,5,'S',1060.29,79),(21603,'2018-07-30T06:09:37.271',2,9,'B',2434.09,295),(21604,'2018-07-30T06:09:37.271',4,7,'B',4573.74,622),(21605,'2018-07-30T06:09:37.416',2,10,'B',9297.14,10),(21606,'2018-07-30T06:09:37.416',3,1,'S',2767.11,771),(21607,'2018-07-30T06:09:37.416',3,1,'B',2794.94,94),(21608,'2018-07-30T06:09:37.416',2,2,'S',4110.52,7),(21609,'2018-07-30T06:09:37.416',2,6,'B',9302.68,3),(21610,'2018-07-30T06:09:37.416',2,8,'B',2493.23,13),(21611,'2018-07-30T06:09:37.418',2,12,'S',1439.46,14),(21612,'2018-07-30T06:09:37.418',3,2,'B',4117.12,432),(21613,'2018-07-30T06:09:37.418',1,2,'S',4044.07,349),(21614,'2018-07-30T06:09:37.418',4,5,'B',1074.34,174),(21615,'2018-07-30T06:09:37.418',1,12,'S',1423.56,5),(21616,'2018-07-30T06:09:37.419',5,2,'S',3973.50,3),(21617,'2018-07-30T06:09:37.419',3,2,'B',3973.39,525),(21618,'2018-07-30T06:09:37.419',4,2,'B',3975.85,5),(21619,'2018-07-30T06:09:37.508',1,6,'S',9208.08,1),(21620,'2018-07-30T06:09:37.539',1,1,'B',2823.48,33),(21621,'2018-07-30T06:09:37.540',2,11,'S',6441.22,550),(21622,'2018-07-30T06:09:40.186',3,11,'S',6373.76,1),(21623,'2018-07-30T06:09:40.186',4,4,'B',6691.44,8),(21624,'2018-07-30T06:09:40.186',3,5,'B',1085.85,134),(21625,'2018-07-30T06:09:40.337',1,12,'B',1445.31,3),(21626,'2018-07-30T06:09:40.337',5,11,'B',6438.65,108),(21627,'2018-07-30T06:09:40.337',1,3,'S',507.34,75),(21628,'2018-07-30T06:09:40.337',3,4,'S',6621.75,3),(21629,'2018-07-30T06:09:40.337',4,1,'S',2803.32,85),(21630,'2018-07-30T06:09:40.337',5,11,'S',6376.95,10),(21631,'2018-07-30T06:09:40.337',2,7,'B',4631.69,9),(21632,'2018-07-30T06:09:40.363',3,6,'B',9301.93,41),(21633,'2018-07-30T06:09:40.363',4,11,'S',6308.13,369),(21634,'2018-07-30T06:09:40.363',2,5,'B',1093.55,115),(21635,'2018-07-30T06:09:40.363',2,6,'S',9219.06,35),(21636,'2018-07-30T06:09:40.363',4,3,'B',513.94,7),(21637,'2018-07-30T06:09:40.364',2,9,'S',2408.11,45),(21638,'2018-07-30T06:09:40.370',1,2,'B',3978.72,23),(21639,'2018-07-30T06:09:40.370',4,8,'B',2513.39,5),(21640,'2018-07-30T06:09:40.418',2,4,'B',6653.86,6),(21641,'2018-07-30T06:09:40.418',5,2,'S',3902.67,3),(21642,'2018-07-30T06:09:40.418',1,10,'B',9392.20,54),(21643,'2018-07-30T06:09:40.418',2,6,'S',9132.36,6),(21644,'2018-07-30T06:09:40.601',1,10,'B',9490.38,12),(21645,'2018-07-30T06:09:40.601',2,1,'S',2769.21,1),(21646,'2018-07-30T06:09:40.602',3,11,'S',6248.12,21),(21647,'2018-07-30T06:09:40.602',3,11,'B',6309.96,1),(21648,'2018-07-30T06:09:40.602',5,11,'B',6365.60,238),(21649,'2018-07-30T06:09:40.602',3,12,'S',1424.30,254),(21650,'2018-07-30T06:09:40.603',3,2,'B',3909.50,56),(21651,'2018-07-30T06:09:40.606',3,11,'S',6300.40,64),(21652,'2018-07-30T06:09:40.606',1,12,'B',1433.85,166),(21653,'2018-07-30T06:09:40.609',1,5,'S',1084.66,40),(21654,'2018-07-30T06:09:40.609',2,8,'B',2530.34,2),(21655,'2018-07-30T06:09:40.681',3,2,'B',3909.73,17),(21656,'2018-07-30T06:09:40.808',2,6,'B',9216.20,3),(21657,'2018-07-30T06:09:40.808',1,10,'B',9560.50,3),(21658,'2018-07-30T06:09:40.808',4,10,'S',9459.69,2),(21659,'2018-07-30T06:09:40.808',3,6,'S',9141.07,313),(21660,'2018-07-30T06:09:40.810',1,6,'B',9236.14,101),(21661,'2018-07-30T06:09:40.810',2,8,'B',2550.01,20),(21662,'2018-07-30T06:09:45.054',1,8,'B',2566.32,8),(21663,'2018-07-30T06:09:45.054',2,1,'B',2793.44,1),(21664,'2018-07-30T06:09:45.054',4,10,'S',9350.94,79),(21665,'2018-07-30T06:09:45.054',4,11,'B',6357.94,33),(21666,'2018-07-30T06:09:45.080',3,2,'S',3838.32,106),(21667,'2018-07-30T06:09:45.080',5,6,'S',9144.11,50),(21668,'2018-07-30T06:09:45.082',1,2,'B',3836.67,43),(21669,'2018-07-30T06:09:45.083',2,5,'B',1087.53,472),(21670,'2018-07-30T06:09:45.083',1,10,'B',9432.65,1),(21671,'2018-07-30T06:09:45.433',1,8,'B',2578.16,63),(21672,'2018-07-30T06:09:45.433',2,4,'B',6711.58,64),(21673,'2018-07-30T06:09:45.433',1,6,'S',9043.69,126),(21674,'2018-07-30T06:09:48.502',3,6,'B',9123.29,667),(21675,'2018-07-30T06:09:52.196',3,12,'S',1422.23,149),(21676,'2018-07-30T06:09:52.196',5,6,'S',9030.21,16),(21677,'2018-07-30T06:09:52.197',1,8,'B',2601.74,37),(21678,'2018-07-30T06:09:52.197',2,10,'B',9514.98,1),(21679,'2018-07-30T06:09:52.224',4,2,'B',3844.51,1),(21680,'2018-07-30T06:09:52.225',4,12,'B',1427.99,4),(21681,'2018-07-30T06:09:52.225',5,7,'S',4593.14,3),(21682,'2018-07-30T06:09:52.225',5,5,'S',1079.27,41),(21683,'2018-07-30T06:09:52.227',4,12,'S',1425.09,2),(21684,'2018-07-30T06:09:52.227',5,11,'S',6287.09,1),(21685,'2018-07-30T06:09:52.227',1,4,'B',6768.47,268),(21686,'2018-07-30T06:09:52.227',2,11,'S',6218.63,142),(21687,'2018-07-30T06:09:52.227',5,9,'B',2427.78,38),(21688,'2018-07-30T06:09:52.228',1,7,'B',4651.71,1),(21689,'2018-07-30T06:09:52.250',5,6,'S',8943.91,5),(21690,'2018-07-30T06:09:52.250',3,2,'B',3849.69,181),(21691,'2018-07-30T06:09:52.250',1,6,'S',8838.80,1),(21692,'2018-07-30T06:09:52.302',4,7,'B',4713.48,8),(21693,'2018-07-30T06:09:52.304',1,7,'S',4675.34,12),(21694,'2018-07-30T06:09:52.305',4,7,'S',4639.60,5),(21695,'2018-07-30T06:09:52.305',4,9,'B',2445.33,69),(21696,'2018-07-30T06:09:52.305',5,3,'S',511.02,11),(21697,'2018-07-30T06:09:52.306',1,12,'S',1421.72,18),(21698,'2018-07-30T06:09:52.329',2,7,'S',4610.30,1),(21699,'2018-07-30T06:09:52.329',2,4,'S',6690.70,67),(21700,'2018-07-30T06:09:52.329',5,4,'B',6758.17,45),(21701,'2018-07-30T06:09:52.346',4,8,'S',2569.54,10),(21702,'2018-07-30T06:09:52.346',1,7,'B',4661.75,8),(21703,'2018-07-30T06:09:52.346',4,12,'B',1414.68,4),(21704,'2018-07-30T06:09:52.346',5,3,'S',509.57,52),(21705,'2018-07-30T06:09:52.346',4,7,'B',4728.61,3),(21706,'2018-07-30T06:09:52.347',4,2,'S',3774.96,101),(21707,'2018-07-30T06:09:52.347',3,2,'S',3700.57,1),(21708,'2018-07-30T06:09:52.347',4,10,'B',9587.39,77),(21709,'2018-07-30T06:09:52.355',5,8,'S',2539.86,983),(21710,'2018-07-30T06:09:52.364',4,11,'S',6156.51,1),(21711,'2018-07-30T06:09:52.364',4,9,'B',2475.02,6),(21712,'2018-07-30T06:09:52.364',2,12,'S',1387.55,10),(21713,'2018-07-30T06:09:52.364',1,1,'S',2763.85,14),(21714,'2018-07-30T06:09:52.364',1,1,'S',2741.45,3),(21715,'2018-07-30T06:09:52.364',1,12,'S',1369.69,6),(21716,'2018-07-30T06:09:52.364',3,4,'S',6682.23,12),(21717,'2018-07-30T06:09:52.364',4,2,'S',3637.45,140),(21718,'2018-07-30T06:09:52.365',5,1,'S',2710.11,121),(21719,'2018-07-30T06:09:52.370',4,12,'S',1359.75,14),(21720,'2018-07-30T06:09:52.370',4,4,'S',6608.81,3),(21721,'2018-07-30T06:09:52.371',3,9,'S',2453.42,230),(21722,'2018-07-30T06:09:52.371',4,9,'B',2475.12,52),(21723,'2018-07-30T06:09:52.371',2,8,'B',2555.40,532),(21724,'2018-07-30T06:09:52.371',4,2,'S',3570.17,541),(21725,'2018-07-30T06:09:52.371',5,1,'B',2734.25,838),(21726,'2018-07-30T06:09:52.371',2,7,'S',4697.05,5),(21727,'2018-07-30T06:09:52.371',1,5,'S',1069.59,5),(21728,'2018-07-30T06:09:52.371',4,1,'B',2762.62,107),(21729,'2018-07-30T06:09:52.371',1,2,'S',3502.57,2),(21730,'2018-07-30T06:09:52.371',4,1,'B',2791.75,273),(21731,'2018-07-30T06:09:52.372',2,12,'B',1370.86,1),(21732,'2018-07-30T06:09:52.372',1,2,'B',3497.49,352),(21733,'2018-07-30T06:09:52.423',2,1,'S',2761.31,1),(21734,'2018-07-30T06:09:52.423',1,9,'S',2451.37,8),(21735,'2018-07-30T06:09:52.423',1,5,'B',1081.07,58),(21736,'2018-07-30T06:09:52.423',3,10,'B',9676.08,116),(21737,'2018-07-30T06:09:52.428',3,4,'S',6531.45,24),(21738,'2018-07-30T06:09:52.428',4,11,'S',6098.47,5),(21739,'2018-07-30T06:09:52.432',3,6,'S',8753.31,1),(21740,'2018-07-30T06:09:52.445',2,1,'S',2728.48,55),(21741,'2018-07-30T06:09:52.445',5,9,'B',2475.07,85),(21742,'2018-07-30T06:09:52.445',1,3,'B',512.54,1),(21743,'2018-07-30T06:09:52.446',4,3,'S',505.23,851),(21744,'2018-07-30T06:09:52.447',1,12,'S',1347.85,1),(21745,'2018-07-30T06:09:52.447',2,5,'B',1092.12,72),(21746,'2018-07-30T06:09:52.447',4,3,'S',497.23,80),(21747,'2018-07-30T06:09:52.451',2,8,'S',2516.47,2),(21748,'2018-07-30T06:09:52.451',5,12,'S',1329.36,26),(21749,'2018-07-30T06:09:52.887',2,2,'S',3426.30,10),(21750,'2018-07-30T06:09:53.388',2,8,'S',2482.89,19),(21751,'2018-07-30T06:09:53.388',4,8,'B',2504.07,1),(21752,'2018-07-30T06:09:53.388',5,8,'B',2522.43,3),(21753,'2018-07-30T06:09:53.389',2,3,'B',507.36,1),(21754,'2018-07-30T06:09:53.389',5,8,'B',2541.37,2),(21755,'2018-07-30T06:09:53.389',5,10,'B',9754.78,4),(21756,'2018-07-30T06:09:53.393',4,9,'B',2493.65,188),(21757,'2018-07-30T06:09:53.393',1,6,'S',8676.88,3),(21758,'2018-07-30T06:09:53.393',1,1,'S',2698.99,612),(21759,'2018-07-30T06:09:53.393',1,11,'B',6169.82,91),(21760,'2018-07-30T06:09:53.393',4,9,'B',2512.46,22),(21761,'2018-07-30T06:09:53.395',5,1,'B',2726.84,352),(21762,'2018-07-30T06:09:53.395',2,1,'S',2698.11,439),(21763,'2018-07-30T06:09:53.433',2,8,'S',2502.13,646),(21764,'2018-07-30T06:14:27.156',2,8,'B',2520.89,24),(21765,'2018-07-30T06:14:27.431',3,4,'S',6427.46,11),(21766,'2018-07-30T06:14:27.470',4,12,'S',1314.25,3),(21767,'2018-07-30T06:14:27.470',4,10,'B',9842.55,328),(21768,'2018-07-30T06:14:27.470',5,9,'S',2482.74,662),(21769,'2018-07-30T06:14:27.472',3,11,'B',6230.54,127),(21770,'2018-07-30T06:14:27.472',1,4,'B',6490.89,357),(21771,'2018-07-30T06:14:27.472',2,2,'S',3359.63,317),(21772,'2018-07-30T06:14:27.476',1,9,'S',2460.87,689),(21773,'2018-07-30T06:14:27.476',5,8,'B',2547.52,46),(21774,'2018-07-30T06:14:27.476',1,6,'S',8590.16,1),(21775,'2018-07-30T06:14:27.476',3,8,'B',2571.42,615),(21776,'2018-07-30T06:14:27.476',2,2,'S',3293.92,331),(21777,'2018-07-30T06:14:27.476',5,2,'S',3286.34,934),(21778,'2018-07-30T06:14:27.476',1,11,'S',6163.62,321),(21779,'2018-07-30T06:14:27.476',4,11,'B',6229.40,399),(21780,'2018-07-30T06:14:27.476',3,9,'S',2437.79,1),(21781,'2018-07-30T06:14:27.476',3,1,'B',2727.31,980),(21782,'2018-07-30T06:14:27.481',3,3,'B',518.54,378),(21783,'2018-07-30T06:14:27.482',5,1,'S',2698.35,2),(21784,'2018-07-30T06:14:27.482',5,10,'S',9740.66,437),(21785,'2018-07-30T06:14:27.482',3,4,'B',6540.13,446),(21786,'2018-07-30T06:14:27.482',2,12,'B',1330.83,222),(21787,'2018-07-30T06:14:27.482',1,11,'S',6165.79,5),(21788,'2018-07-30T06:14:27.613',5,10,'S',9644.16,37),(21789,'2018-07-30T06:14:27.614',1,8,'S',2534.54,6),(21790,'2018-07-30T06:14:27.614',4,3,'B',523.08,5),(21791,'2018-07-30T06:14:27.775',2,4,'B',6581.13,283),(21792,'2018-07-30T06:14:27.775',2,9,'S',2409.60,155),(21793,'2018-07-30T06:14:27.775',3,2,'B',3296.62,70),(21794,'2018-07-30T06:14:27.786',3,11,'B',6221.37,22),(21795,'2018-07-30T06:14:27.798',2,6,'B',8675.80,29),(21796,'2018-07-30T06:14:27.798',5,2,'B',3341.43,1),(21797,'2018-07-30T06:14:27.866',2,2,'B',3362.93,26),(21798,'2018-07-30T06:14:27.866',5,9,'S',2378.86,53),(21799,'2018-07-30T06:14:27.866',4,3,'S',519.57,65),(21800,'2018-07-30T06:14:27.866',4,7,'S',4666.33,26),(21801,'2018-07-30T06:14:27.867',3,6,'B',8762.92,90),(21802,'2018-07-30T06:14:27.867',1,8,'S',2507.13,35),(21803,'2018-07-30T06:14:27.885',5,6,'S',8684.45,16),(21804,'2018-07-30T06:14:27.897',5,6,'B',8780.44,4),(21805,'2018-07-30T06:14:27.897',2,10,'S',9523.64,1),(21806,'2018-07-30T06:14:27.897',1,11,'B',6286.34,669),(21807,'2018-07-30T06:14:29.314',2,1,'B',2723.69,8),(21808,'2018-07-30T06:14:29.314',3,3,'S',514.46,790),(21809,'2018-07-30T06:14:29.314',1,7,'B',4723.95,10),(21810,'2018-07-30T06:14:29.821',3,8,'S',2473.19,5),(21811,'2018-07-30T06:14:29.821',2,8,'S',2448.30,25),(21812,'2018-07-30T06:14:29.821',3,7,'S',4686.52,4),(21813,'2018-07-30T06:14:29.821',1,11,'B',6340.73,955),(21814,'2018-07-30T06:14:29.827',1,10,'B',9594.52,988),(21815,'2018-07-30T06:14:29.827',5,10,'S',9479.11,1),(21816,'2018-07-30T06:14:29.827',5,4,'B',6643.60,12),(21817,'2018-07-30T06:14:29.827',4,5,'B',1102.15,119),(21818,'2018-07-30T06:14:29.827',5,9,'S',2357.78,364),(21819,'2018-07-30T06:14:29.827',5,10,'S',9378.13,7),(21820,'2018-07-30T06:14:29.831',5,2,'S',3337.34,289),(21821,'2018-07-30T06:14:29.836',2,11,'S',6264.61,9),(21822,'2018-07-30T06:14:29.836',4,10,'B',9476.21,758),(21823,'2018-07-30T06:14:29.836',5,5,'B',1110.40,11),(21824,'2018-07-30T06:14:29.836',4,4,'B',6706.65,868),(21825,'2018-07-30T06:14:29.836',1,1,'B',2748.84,22),(21826,'2018-07-30T06:14:29.841',4,12,'B',1339.34,986),(21827,'2018-07-30T06:14:29.842',3,4,'S',6628.99,1),(21828,'2018-07-30T06:14:30.597',4,12,'B',1360.01,348),(21829,'2018-07-30T06:14:30.599',3,11,'B',6331.42,417),(21830,'2018-07-30T06:14:30.599',2,5,'B',1124.85,85),(21831,'2018-07-30T06:14:30.600',4,9,'B',2375.96,8),(21832,'2018-07-30T06:14:30.600',1,2,'B',3370.72,2),(21833,'2018-07-30T06:14:30.600',3,10,'S',9377.21,16),(21834,'2018-07-30T06:14:30.605',4,8,'S',2421.74,60),(21835,'2018-07-30T06:14:30.605',3,4,'S',6546.35,1),(21836,'2018-07-30T06:14:30.605',3,3,'S',512.89,3),(21837,'2018-07-30T06:14:30.605',1,10,'B',9455.84,107),(21838,'2018-07-30T06:14:30.605',4,6,'B',8858.99,2),(21839,'2018-07-30T06:14:30.605',3,1,'S',2725.34,2),(21840,'2018-07-30T06:14:31.246',4,2,'S',3346.30,79),(21841,'2018-07-30T06:14:31.246',5,4,'S',6482.63,13),(21842,'2018-07-30T06:14:31.246',3,4,'B',6552.30,760),(21843,'2018-07-30T06:14:31.246',2,2,'B',3372.89,148),(21844,'2018-07-30T06:14:31.246',5,8,'B',2439.81,171),(21845,'2018-07-30T06:14:31.246',4,12,'S',1349.82,20),(21846,'2018-07-30T06:14:31.246',5,7,'B',4748.73,23),(21847,'2018-07-30T06:14:31.246',2,4,'S',6485.79,70),(21848,'2018-07-30T06:14:31.246',2,9,'S',2347.63,8),(21849,'2018-07-30T06:14:31.246',2,8,'B',2464.21,235),(21850,'2018-07-30T06:14:31.256',4,7,'S',4710.34,29),(21851,'2018-07-30T06:14:31.256',1,4,'B',6530.26,654),(21852,'2018-07-30T06:14:31.256',4,2,'S',3340.02,559),(21853,'2018-07-30T06:14:31.256',3,1,'B',2749.48,1),(21854,'2018-07-30T06:14:31.257',5,6,'S',8760.38,4),(21855,'2018-07-30T06:14:31.258',3,10,'S',9356.88,169),(21856,'2018-07-30T06:14:31.258',2,8,'B',2476.13,17),(21857,'2018-07-30T06:14:31.259',2,5,'B',1136.23,1),(21858,'2018-07-30T06:14:31.261',4,9,'B',2372.74,119),(21859,'2018-07-30T06:14:31.261',3,2,'B',3372.64,14),(21860,'2018-07-30T06:14:31.261',4,7,'S',4664.23,267),(21861,'2018-07-30T06:14:31.261',4,9,'B',2395.97,18),(21862,'2018-07-30T06:14:31.328',4,7,'S',4630.50,1),(21863,'2018-07-30T06:14:32.076',2,9,'S',2364.36,531),(21864,'2018-07-30T06:14:32.076',3,7,'S',4598.86,7),(21865,'2018-07-30T06:14:32.080',2,12,'S',1330.93,15),(21866,'2018-07-30T06:14:32.080',5,2,'B',3406.33,699),(21867,'2018-07-30T06:14:32.227',5,5,'B',1142.94,172),(21868,'2018-07-30T06:14:32.227',3,5,'S',1130.17,3),(21869,'2018-07-30T06:14:32.227',1,6,'B',8840.01,80),(21870,'2018-07-30T06:14:32.228',5,4,'B',6568.31,1),(21871,'2018-07-30T06:14:32.228',3,3,'S',509.43,635),(21872,'2018-07-30T06:14:32.233',2,9,'S',2339.90,721),(21873,'2018-07-30T06:14:32.233',1,4,'S',6473.47,57),(21874,'2018-07-30T06:14:32.233',2,2,'S',3375.05,83),(21875,'2018-07-30T06:14:32.427',2,6,'S',8759.56,181),(21876,'2018-07-30T06:14:32.427',4,3,'S',504.01,26),(21877,'2018-07-30T06:14:32.429',4,10,'S',9255.25,121),(21878,'2018-07-30T06:14:32.429',5,12,'S',1316.85,11),(21879,'2018-07-30T06:14:32.429',4,11,'S',6266.37,3),(21880,'2018-07-30T06:14:32.488',3,6,'S',8663.42,9),(21881,'2018-07-30T06:14:32.488',4,4,'S',6400.44,182),(21882,'2018-07-30T06:14:32.495',4,10,'B',9344.70,15),(21883,'2018-07-30T06:14:32.495',2,11,'B',6332.86,40),(21884,'2018-07-30T06:14:32.495',5,5,'S',1122.54,2),(21885,'2018-07-30T06:14:32.495',5,1,'S',2715.49,4),(21886,'2018-07-30T06:14:32.495',1,2,'S',3333.61,153),(21887,'2018-07-30T06:14:32.495',2,10,'S',9242.78,3),(21888,'2018-07-30T06:14:32.495',4,11,'S',6266.78,2),(21889,'2018-07-30T06:14:32.527',4,5,'S',1108.45,63),(21890,'2018-07-30T06:14:32.711',5,9,'B',2360.90,1),(21891,'2018-07-30T06:14:32.713',1,2,'B',3368.33,17),(21892,'2018-07-30T06:14:33.001',1,10,'S',9143.57,164),(21893,'2018-07-30T06:14:33.001',5,11,'S',6214.35,48),(21894,'2018-07-30T06:14:33.002',5,12,'B',1320.39,1),(21895,'2018-07-30T06:14:33.005',3,3,'B',511.42,540),(21896,'2018-07-30T06:14:33.005',5,12,'S',1305.55,171),(21897,'2018-07-30T06:14:33.005',2,7,'B',4646.42,1),(21898,'2018-07-30T06:14:33.010',3,12,'S',1293.45,22),(21899,'2018-07-30T06:14:33.035',2,5,'S',1094.97,26),(21900,'2018-07-30T06:14:33.035',1,7,'B',4710.48,81),(21901,'2018-07-30T06:14:33.035',1,11,'S',6161.27,20),(21902,'2018-07-30T06:14:33.036',1,11,'B',6222.42,14),(21903,'2018-07-30T06:14:33.036',5,5,'S',1081.58,14),(21904,'2018-07-30T06:14:33.036',1,5,'B',1091.44,3),(21905,'2018-07-30T06:14:33.036',5,2,'B',3401.15,19),(21906,'2018-07-30T06:14:33.036',2,6,'S',8581.29,671),(21907,'2018-07-30T06:14:33.036',4,10,'S',9054.74,78),(21908,'2018-07-30T06:14:33.036',1,5,'B',1096.08,4),(21909,'2018-07-30T06:14:33.036',4,4,'S',6315.84,489),(21910,'2018-07-30T06:14:33.036',2,2,'S',3373.36,6),(21911,'2018-07-30T06:14:33.036',2,4,'B',6377.75,173),(21912,'2018-07-30T06:14:33.036',3,5,'B',1104.44,15),(21913,'2018-07-30T06:14:43.399',1,3,'S',505.84,384),(21914,'2018-07-30T06:14:43.407',1,6,'B',8668.63,3),(21915,'2018-07-30T06:14:49.908',5,9,'S',2340.44,6),(21916,'2018-07-30T06:14:49.916',4,9,'S',2315.90,40),(21917,'2018-07-30T06:14:49.916',2,4,'B',6435.10,5),(21918,'2018-07-30T06:14:49.916',2,5,'B',1112.75,363),(21919,'2018-07-30T06:14:49.916',1,2,'B',3411.17,7),(21920,'2018-07-30T06:14:49.916',5,3,'S',505.17,25),(21921,'2018-07-30T06:14:49.918',1,8,'S',2442.02,550),(21922,'2018-07-30T06:14:49.919',3,1,'S',2679.93,3),(21923,'2018-07-30T06:14:49.919',2,4,'B',6493.89,6),(21924,'2018-07-30T06:14:49.919',4,10,'S',8963.72,47),(21925,'2018-07-30T06:14:49.921',2,4,'B',6530.38,398),(21926,'2018-07-30T06:14:49.921',4,7,'S',4671.65,2),(21927,'2018-07-30T06:14:49.921',4,1,'S',2656.37,409),(21928,'2018-07-30T06:14:49.921',1,1,'B',2682.23,109),(21929,'2018-07-30T06:14:49.921',5,4,'B',6596.18,33),(21930,'2018-07-30T06:14:49.921',4,5,'B',1118.49,4),(21931,'2018-07-30T06:14:49.921',2,3,'S',501.15,280),(21932,'2018-07-30T06:14:49.921',5,2,'S',3374.06,267),(21933,'2018-07-30T06:14:49.921',4,12,'S',1265.17,784),(21934,'2018-07-30T06:14:49.958',4,3,'B',509.68,2),(21935,'2018-07-30T06:14:50.026',4,6,'S',8581.28,475),(21936,'2018-07-30T06:14:50.026',4,6,'B',8664.87,6),(21937,'2018-07-30T06:14:50.026',4,12,'B',1276.00,8),(21938,'2018-07-30T06:14:50.026',3,9,'S',2284.39,201),(21939,'2018-07-30T06:14:50.026',5,5,'S',1105.66,41),(21940,'2018-07-30T06:14:50.026',4,5,'B',1109.44,19),(21941,'2018-07-30T06:14:50.026',2,12,'S',1244.33,1),(21942,'2018-07-30T06:49:53.007',5,1,'S',2650.33,33),(21943,'2018-07-30T06:49:53.007',5,1,'B',2673.41,24),(21944,'2018-07-30T06:49:53.008',1,2,'S',3336.76,183),(21945,'2018-07-30T06:49:53.010',3,11,'S',6159.43,534),(21946,'2018-07-30T06:49:53.010',4,9,'B',2303.47,63),(21947,'2018-07-30T06:49:53.010',3,8,'S',2411.68,41),(21948,'2018-07-30T06:49:53.010',2,9,'B',2332.99,739),(21949,'2018-07-30T06:49:53.011',3,1,'B',2702.25,253),(21950,'2018-07-30T06:49:53.011',3,10,'B',9041.52,42),(21951,'2018-07-30T06:49:53.011',4,8,'B',2426.48,57),(21952,'2018-07-30T06:49:53.011',2,2,'S',3296.67,2),(21953,'2018-07-30T06:49:53.011',3,2,'S',3266.08,396),(21954,'2018-07-30T06:49:53.011',4,5,'B',1120.51,3),(21955,'2018-07-30T06:49:53.011',4,1,'S',2679.82,846),(21956,'2018-07-30T06:49:53.011',5,11,'B',6211.57,23),(21957,'2018-07-30T06:49:53.034',2,9,'B',2354.31,13),(21958,'2018-07-30T06:49:53.034',5,5,'B',1129.40,11),(21959,'2018-07-30T06:49:53.080',5,6,'B',8746.40,2),(21960,'2018-07-30T06:49:53.080',5,4,'S',6523.58,167),(21961,'2018-07-30T06:49:53.080',4,11,'S',6148.63,5),(21962,'2018-07-30T06:49:53.080',5,6,'B',8837.37,3),(21963,'2018-07-30T06:49:53.080',1,10,'B',9116.63,23),(21964,'2018-07-30T06:49:53.091',2,6,'B',8930.78,306),(21965,'2018-07-30T06:49:53.091',5,2,'S',3231.71,4),(21966,'2018-07-30T06:49:53.091',3,9,'S',2333.07,2),(21967,'2018-07-30T06:49:53.576',5,11,'B',6213.74,3),(21968,'2018-07-30T06:49:53.576',5,8,'B',2449.80,211),(21969,'2018-07-30T06:49:53.576',4,4,'B',6574.05,360),(21970,'2018-07-30T06:49:53.576',4,3,'B',518.41,641),(21971,'2018-07-30T06:49:53.576',4,11,'S',6160.22,1),(21972,'2018-07-30T06:49:53.576',1,5,'S',1111.33,1),(21973,'2018-07-30T06:49:53.576',1,3,'S',513.71,22),(21974,'2018-07-30T06:49:53.576',4,12,'B',1252.69,38),(21975,'2018-07-30T06:49:53.576',5,10,'S',9010.82,8),(21976,'2018-07-30T06:49:53.609',1,9,'S',2314.43,1),(21977,'2018-07-30T06:49:53.609',2,7,'S',4634.18,646),(21978,'2018-07-30T06:49:53.648',3,7,'S',4594.03,36),(21979,'2018-07-30T06:49:53.648',3,3,'B',514.51,576),(21980,'2018-07-30T06:58:20.731',4,12,'S',1236.36,98),(21981,'2018-07-30T06:58:20.731',3,8,'B',2466.12,14),(21982,'2018-07-30T06:58:20.733',2,10,'S',8913.57,2),(21983,'2018-07-30T06:58:20.763',1,6,'B',9025.46,54),(21984,'2018-07-30T06:58:20.764',3,11,'S',6098.87,16),(21985,'2018-07-30T06:58:20.882',4,8,'B',2485.94,3),(21986,'2018-07-30T06:58:20.882',2,3,'S',507.72,3),(21987,'2018-07-30T06:58:20.882',2,11,'S',6036.95,1),(21988,'2018-07-30T06:58:20.882',4,12,'B',1239.76,8),(21989,'2018-07-30T06:58:20.882',5,2,'S',3195.85,9),(21990,'2018-07-30T06:58:20.882',4,2,'B',3227.12,745),(21991,'2018-07-30T06:58:20.912',5,7,'B',4644.63,1),(21992,'2018-07-30T06:58:20.914',5,2,'S',3190.02,12),(21993,'2018-07-30T06:58:20.914',1,12,'B',1257.71,31),(21994,'2018-07-30T06:58:20.914',5,11,'B',6090.83,8),(21995,'2018-07-30T06:58:20.914',2,1,'S',2657.01,25),(21996,'2018-07-30T06:58:20.914',1,7,'S',4613.63,30),(21997,'2018-07-30T06:58:20.914',4,12,'S',1235.49,722),(21998,'2018-07-30T06:58:20.914',1,2,'S',3164.46,157),(21999,'2018-07-30T06:58:20.914',3,2,'S',3131.30,799),(22000,'2018-07-30T06:58:20.915',4,5,'S',1099.10,122);
/*!40000 ALTER TABLE `deal` ENABLE KEYS */;
UNLOCK TABLES;

--
-- Table structure for table `instrument`
--

DROP TABLE IF EXISTS `instrument`;
/*!40101 SET @saved_cs_client     = @@character_set_client */;
/*!40101 SET character_set_client = utf8 */;
CREATE TABLE `instrument` (
  `instrument_id` int(11) NOT NULL,
  `instrument_name` varchar(35) NOT NULL,
  PRIMARY KEY (`instrument_id`)
) ENGINE=InnoDB DEFAULT CHARSET=latin1;
/*!40101 SET character_set_client = @saved_cs_client */;

--
-- Dumping data for table `instrument`
--

LOCK TABLES `instrument` WRITE;
/*!40000 ALTER TABLE `instrument` DISABLE KEYS */;
INSERT INTO `instrument` VALUES (1,'Astronomica'),(2,'Deuteronic'),(3,'Floral'),(4,'Galactia'),(5,'Celestial'),(6,'Heliosphere'),(7,'Jupiter'),(8,'Interstella'),(9,'Koronis'),(10,'Eclipse'),(11,'Borealis'),(12,'Lunatic');
/*!40000 ALTER TABLE `instrument` ENABLE KEYS */;
UNLOCK TABLES;

--
-- Table structure for table `login_trail`
--

DROP TABLE IF EXISTS `login_trail`;
/*!40101 SET @saved_cs_client     = @@character_set_client */;
/*!40101 SET character_set_client = utf8 */;
CREATE TABLE `login_trail` (
  `login_id` int(11) NOT NULL,
  `logged_in_user_id` char(40) NOT NULL,
  `logged_in_auser_id` char(40) NOT NULL,
  `login_date_and_time` datetime NOT NULL,
  PRIMARY KEY (`login_id`),
  KEY `logged_in_user_id` (`logged_in_user_id`),
  KEY `logged_in_auser_id` (`logged_in_auser_id`),
  CONSTRAINT `login_trail_ibfk_1` FOREIGN KEY (`logged_in_user_id`) REFERENCES `users` (`user_id`),
  CONSTRAINT `login_trail_ibfk_2` FOREIGN KEY (`logged_in_auser_id`) REFERENCES `anonymous_users` (`anonymous_user_id`)
) ENGINE=InnoDB DEFAULT CHARSET=latin1;
/*!40101 SET character_set_client = @saved_cs_client */;

--
-- Dumping data for table `login_trail`
--

LOCK TABLES `login_trail` WRITE;
/*!40000 ALTER TABLE `login_trail` DISABLE KEYS */;
/*!40000 ALTER TABLE `login_trail` ENABLE KEYS */;
UNLOCK TABLES;

--
-- Table structure for table `users`
--

DROP TABLE IF EXISTS `users`;
/*!40101 SET @saved_cs_client     = @@character_set_client */;
/*!40101 SET character_set_client = utf8 */;
CREATE TABLE `users` (
  `user_id` char(40) NOT NULL,
  `user_pwd` char(20) DEFAULT NULL,
  PRIMARY KEY (`user_id`)
) ENGINE=InnoDB DEFAULT CHARSET=latin1;
/*!40101 SET character_set_client = @saved_cs_client */;

--
-- Dumping data for table `users`
--

LOCK TABLES `users` WRITE;
/*!40000 ALTER TABLE `users` DISABLE KEYS */;
INSERT INTO `users` VALUES ('alison','gradprog2016@07'),('debs','gradprog2016@02'),('estelle','gradprog2016@05'),('john','gradprog2016@03'),('pauline','gradprog2016@04'),('samuel','gradprog2016@06'),('selvyn','gradprog2016');
/*!40000 ALTER TABLE `users` ENABLE KEYS */;
UNLOCK TABLES;
/*!40103 SET TIME_ZONE=@OLD_TIME_ZONE */;

/*!40101 SET SQL_MODE=@OLD_SQL_MODE */;
/*!40014 SET FOREIGN_KEY_CHECKS=@OLD_FOREIGN_KEY_CHECKS */;
/*!40014 SET UNIQUE_CHECKS=@OLD_UNIQUE_CHECKS */;
/*!40101 SET CHARACTER_SET_CLIENT=@OLD_CHARACTER_SET_CLIENT */;
/*!40101 SET CHARACTER_SET_RESULTS=@OLD_CHARACTER_SET_RESULTS */;
/*!40101 SET COLLATION_CONNECTION=@OLD_COLLATION_CONNECTION */;
/*!40111 SET SQL_NOTES=@OLD_SQL_NOTES */;

-- Dump completed on 2018-08-16 11:19:54
